{
    "setup_table": 
    {   
        "plate": {"min_num":0, "max_num":2, "env_max_num": 2},
        "waterglass": {"min_num":0, "max_num":2, "env_max_num": 2},
        "wineglass": {"min_num":0, "max_num":2, "env_max_num": 2},
        "cutleryfork": {"min_num":0, "max_num":2, "env_max_num": 2}
    },

    "clean_table":
    {
        "plate": {"min_num":0, "max_num":2, "env_max_num": 2},
        "waterglass": {"min_num":0, "max_num":2, "env_max_num": 2},
        "wineglass": {"min_num":0, "max_num":2, "env_max_num": 2},
        "cutleryfork": {"min_num":0, "max_num":2, "env_max_num": 2}
    },

    "put_dishwasher":
    {
        "plate": {"min_num":0, "max_num":2, "env_max_num": 2},
        "waterglass": {"min_num":0, "max_num":2, "env_max_num": 2},
        "wineglass": {"min_num":0, "max_num":2, "env_max_num": 2},
        "cutleryfork": {"min_num":0, "max_num":2, "env_max_num": 2}
    },

    "unload_dishwasher":
    {
        "plate": {"min_num":0, "max_num":2, "env_max_num": 2},
        "waterglass": {"min_num":0, "max_num":2, "env_max_num": 2},
        "wineglass": {"min_num":0, "max_num":2, "env_max_num": 2},
        "cutleryfork": {"min_num":0, "max_num":2, "env_max_num": 2}
    },


    "put_fridge":
    {
        "cupcake": {"min_num":0, "max_num":2, "env_max_num": 2},
        "juice": {"min_num":0, "max_num":1, "env_max_num": 1},
        "pancake": {"min_num":0, "max_num":1, "env_max_num": 1},
        "poundcake": {"min_num":0, "max_num":1, "env_max_num": 1},
        "wine": {"min_num":0, "max_num":1, "env_max_num": 1},
        "pudding": {"min_num":0, "max_num":2, "env_max_num": 2},
        "apple": {"min_num":0, "max_num":2, "env_max_num": 2}   
    },

    "prepare_food":
    {
        "cupcake": {"min_num":0, "max_num":2, "env_max_num": 2},
        "juice": {"min_num":0, "max_num":1, "env_max_num": 1},
        "pancake": {"min_num":0, "max_num":1, "env_max_num": 1},
        "poundcake": {"min_num":0, "max_num":1, "env_max_num": 1},
        "wine": {"min_num":0, "max_num":1, "env_max_num": 1},
        "pudding": {"min_num":0, "max_num":2, "env_max_num": 2},
        "apple": {"min_num":0, "max_num":2, "env_max_num": 2},
        "coffeepot": {"min_num":0, "max_num":1, "env_max_num": 1}
    },

    "read_book": 
    {
        "book": {"min_num":1, "max_num":1, "env_max_num": 3},
        "cupcake": {"min_num":0, "max_num":2, "env_max_num": 2},
        "juice": {"min_num":0, "max_num":1, "env_max_num": 1},
        "wine": {"min_num":0, "max_num":1, "env_max_num": 1},
        "pudding": {"min_num":0, "max_num":2, "env_max_num": 2},
        "apple": {"min_num":0, "max_num":2, "env_max_num": 2}
    },

    "watch_tv":
    {
        "cupcake": {"min_num":0, "max_num":2, "env_max_num": 2},
        "juice": {"min_num":0, "max_num":1, "env_max_num": 1},
        "wine": {"min_num":0, "max_num":1, "env_max_num": 1},
        "pudding": {"min_num":0, "max_num":2, "env_max_num": 2},
        "apple": {"min_num":0, "max_num":2, "env_max_num": 2}
    }
}



