{"alcohol": [["INSIDE", "kitchencabinet"], ["INSIDE", "cabinet"], ["INSIDE", "fridge"], ["INSIDE", "dishwasher"], ["ON", "bathroomcabinet"], ["ON", "bathroomcounter"], ["ON", "bed"], ["ON", "bookshelf"], ["ON", "chair"], ["ON", "desk"], ["ON", "floor"], ["ON", "kitchentable"], ["ON", "nightstand"], ["ON", "oventray"], ["ON", "radio"], ["ON", "sofa"], ["ON", "stove"]], "apple": [["INSIDE", "kitchencabinet"], ["INSIDE", "cabinet"], ["INSIDE", "fridge"], ["INSIDE", "dishwasher"], ["ON", "bathroomcabinet"], ["ON", "bathroomcounter"], ["ON", "bed"], ["ON", "bookshelf"], ["ON", "chair"], ["ON", "desk"], ["ON", "floor"], ["ON", "kitchentable"], ["ON", "mousemat"], ["ON", "nightstand"], ["ON", "oventray"], ["ON", "radio"], ["ON", "sofa"], ["ON", "stove"]], "bananas": [["INSIDE", "kitchencabinet"], ["INSIDE", "cabinet"], ["INSIDE", "fridge"], ["INSIDE", "dishwasher"], ["ON", "bathroomcounter"], ["ON", "bed"], ["ON", "bookshelf"], ["ON", "chair"], ["ON", "desk"], ["ON", "floor"], ["ON", "kitchentable"], ["ON", "mousemat"], ["ON", "nightstand"], ["ON", "oventray"], ["ON", "radio"], ["ON", "sofa"], ["ON", "stove"]], "barsoap": [["INSIDE", "kitchencabinet"], ["INSIDE", "cabinet"], ["INSIDE", "fridge"], ["INSIDE", "dishwasher"], ["ON", "bathroomcounter"], ["ON", "bed"], ["ON", "bookshelf"], ["ON", "chair"], ["ON", "desk"], ["ON", "floor"], ["ON", "kitchentable"], ["ON", "mousemat"], ["ON", "nightstand"], ["ON", "oventray"], ["ON", "radio"], ["ON", "sofa"], ["ON", "stove"]], "bellpepper": [["INSIDE", "kitchencabinet"], ["INSIDE", "cabinet"], ["INSIDE", "fridge"], ["INSIDE", "dishwasher"], ["ON", "bathroomcounter"], ["ON", "bed"], ["ON", "bookshelf"], ["ON", "chair"], ["ON", "desk"], ["ON", "floor"], ["ON", "kitchentable"], ["ON", "mousemat"], ["ON", "nightstand"], ["ON", "oventray"], ["ON", "radio"], ["ON", "sofa"], ["ON", "stove"]], "boardgame": [["INSIDE", "kitchencabinet"], ["INSIDE", "cabinet"], ["INSIDE", "fridge"], ["INSIDE", "dishwasher"], ["ON", "bathroomcounter"], ["ON", "bed"], ["ON", "chair"], ["ON", "desk"], ["ON", "floor"], ["ON", "kitchentable"], ["ON", "oventray"], ["ON", "radio"], ["ON", "sofa"], ["ON", "stove"]], "book": [["INSIDE", "kitchencabinet"], ["INSIDE", "cabinet"], ["INSIDE", "fridge"], ["INSIDE", "dishwasher"], ["ON", "bathroomcounter"], ["ON", "bed"], ["ON", "bookshelf"], ["ON", "chair"], ["ON", "desk"], ["ON", "floor"], ["ON", "kitchentable"], ["ON", "nightstand"], ["ON", "oventray"], ["ON", "radio"], ["ON", "sofa"], ["ON", "stove"]], "box": [["INSIDE", "kitchencabinet"], ["INSIDE", "cabinet"], ["INSIDE", "fridge"], ["INSIDE", "dishwasher"], ["ON", "bathroomcounter"], ["ON", "bed"], ["ON", "bookshelf"], ["ON", "chair"], ["ON", "desk"], ["ON", "floor"], ["ON", "kitchentable"], ["ON", "oventray"], ["ON", "radio"], ["ON", "sofa"], ["ON", "stove"]], "breadslice": [["INSIDE", "kitchencabinet"], ["INSIDE", "cabinet"], ["INSIDE", "fridge"], ["INSIDE", "dishwasher"], ["ON", "bathroomcounter"], ["ON", "bed"], ["ON", "bookshelf"], ["ON", "chair"], ["ON", "desk"], ["ON", "floor"], ["ON", "kitchentable"], ["ON", "mousemat"], ["ON", "oventray"], ["ON", "radio"], ["ON", "sofa"], ["ON", "stove"]], "candle": [["INSIDE", "kitchencabinet"], ["INSIDE", "cabinet"], ["INSIDE", "fridge"], ["INSIDE", "dishwasher"], ["ON", "bathroomcabinet"], ["ON", "bathroomcounter"], ["ON", "bed"], ["ON", "bookshelf"], ["ON", "chair"], ["ON", "desk"], ["ON", "floor"], ["ON", "kitchentable"], ["ON", "mousemat"], ["ON", "nightstand"], ["ON", "oventray"], ["ON", "radio"], ["ON", "sofa"], ["ON", "stove"], ["ON", "towelrack"]], "candybar": [["INSIDE", "kitchencabinet"], ["INSIDE", "cabinet"], ["INSIDE", "fridge"], ["INSIDE", "dishwasher"], ["ON", "bathroomcounter"], ["ON", "bed"], ["ON", "bookshelf"], ["ON", "chair"], ["ON", "desk"], ["ON", "floor"], ["ON", "kitchentable"], ["ON", "mousemat"], ["ON", "nightstand"], ["ON", "oventray"], ["ON", "radio"], ["ON", "sofa"], ["ON", "stove"]], "carrot": [["INSIDE", "kitchencabinet"], ["INSIDE", "cabinet"], ["INSIDE", "fridge"], ["INSIDE", "dishwasher"], ["ON", "bathroomcabinet"], ["ON", "bathroomcounter"], ["ON", "bed"], ["ON", "bookshelf"], ["ON", "chair"], ["ON", "desk"], ["ON", "floor"], ["ON", "kitchentable"], ["ON", "mousemat"], ["ON", "nightstand"], ["ON", "oventray"], ["ON", "radio"], ["ON", "sofa"], ["ON", "stove"]], "cellphone": [["INSIDE", "kitchencabinet"], ["INSIDE", "cabinet"], ["INSIDE", "fridge"], ["INSIDE", "dishwasher"], ["ON", "bathroomcabinet"], ["ON", "bathroomcounter"], ["ON", "bed"], ["ON", "bookshelf"], ["ON", "chair"], ["ON", "desk"], ["ON", "floor"], ["ON", "kitchentable"], ["ON", "mousemat"], ["ON", "nightstand"], ["ON", "oventray"], ["ON", "radio"], ["ON", "sofa"], ["ON", "stove"]], "cereal": [["INSIDE", "kitchencabinet"], ["INSIDE", "cabinet"], ["INSIDE", "fridge"], ["INSIDE", "dishwasher"], ["ON", "bathroomcabinet"], ["ON", "bathroomcounter"], ["ON", "bed"], ["ON", "bookshelf"], ["ON", "chair"], ["ON", "desk"], ["ON", "floor"], ["ON", "kitchentable"], ["ON", "mousemat"], ["ON", "nightstand"], ["ON", "radio"], ["ON", "sofa"], ["ON", "stove"]], "chicken": [["INSIDE", "kitchencabinet"], ["INSIDE", "cabinet"], ["INSIDE", "fridge"], ["INSIDE", "dishwasher"], ["ON", "bathroomcounter"], ["ON", "bed"], ["ON", "bookshelf"], ["ON", "chair"], ["ON", "desk"], ["ON", "floor"], ["ON", "kitchentable"], ["ON", "oventray"], ["ON", "radio"], ["ON", "sofa"], ["ON", "stove"]], "chinesefood": [["INSIDE", "kitchencabinet"], ["INSIDE", "cabinet"], ["INSIDE", "fridge"], ["INSIDE", "dishwasher"], ["ON", "bathroomcounter"], ["ON", "bed"], ["ON", "bookshelf"], ["ON", "chair"], ["ON", "desk"], ["ON", "floor"], ["ON", "kitchentable"], ["ON", "mousemat"], ["ON", "oventray"], ["ON", "radio"], ["ON", "sofa"], ["ON", "stove"]], "chips": [["INSIDE", "kitchencabinet"], ["INSIDE", "cabinet"], ["INSIDE", "fridge"], ["INSIDE", "dishwasher"], ["ON", "bathroomcounter"], ["ON", "bed"], ["ON", "bookshelf"], ["ON", "chair"], ["ON", "desk"], ["ON", "floor"], ["ON", "kitchentable"], ["ON", "radio"], ["ON", "sofa"], ["ON", "stove"]], "chocolatesyrup": [["INSIDE", "kitchencabinet"], ["INSIDE", "cabinet"], ["INSIDE", "fridge"], ["INSIDE", "dishwasher"], ["ON", "bathroomcabinet"], ["ON", "bathroomcounter"], ["ON", "bed"], ["ON", "bookshelf"], ["ON", "chair"], ["ON", "desk"], ["ON", "floor"], ["ON", "kitchentable"], ["ON", "mousemat"], ["ON", "nightstand"], ["ON", "oventray"], ["ON", "radio"], ["ON", "sofa"], ["ON", "stove"]], "clock": [["INSIDE", "kitchencabinet"], ["INSIDE", "cabinet"], ["INSIDE", "fridge"], ["INSIDE", "dishwasher"], ["ON", "bathroomcounter"], ["ON", "bed"], ["ON", "bookshelf"], ["ON", "chair"], ["ON", "desk"], ["ON", "floor"], ["ON", "kitchentable"], ["ON", "oventray"], ["ON", "radio"], ["ON", "sofa"], ["ON", "stove"]], "clothespants": [["INSIDE", "kitchencabinet"], ["INSIDE", "cabinet"], ["INSIDE", "fridge"], ["INSIDE", "dishwasher"], ["ON", "bathroomcounter"], ["ON", "bookshelf"], ["ON", "chair"], ["ON", "desk"], ["ON", "kitchentable"], ["ON", "sofa"], ["ON", "stove"]], "clothespile": [["INSIDE", "kitchencabinet"], ["INSIDE", "cabinet"], ["INSIDE", "fridge"], ["INSIDE", "dishwasher"], ["ON", "bathroomcounter"], ["ON", "bed"], ["ON", "chair"], ["ON", "desk"], ["ON", "floor"], ["ON", "kitchentable"], ["ON", "oventray"], ["ON", "radio"], ["ON", "sofa"], ["ON", "stove"]], "clothesshirt": [["INSIDE", "kitchencabinet"], ["INSIDE", "cabinet"], ["INSIDE", "fridge"], ["INSIDE", "dishwasher"], ["ON", "bathroomcounter"], ["ON", "desk"], ["ON", "kitchentable"], ["ON", "sofa"], ["ON", "stove"]], "coffeepot": [["INSIDE", "kitchencabinet"], ["INSIDE", "cabinet"], ["INSIDE", "fridge"], ["INSIDE", "dishwasher"], ["ON", "bathroomcounter"], ["ON", "bed"], ["ON", "bookshelf"], ["ON", "chair"], ["ON", "desk"], ["ON", "floor"], ["ON", "kitchentable"], ["ON", "mousemat"], ["ON", "nightstand"], ["ON", "oventray"], ["ON", "radio"], ["ON", "sofa"], ["ON", "stove"]], "condimentbottle": [["INSIDE", "kitchencabinet"], ["INSIDE", "cabinet"], ["INSIDE", "fridge"], ["INSIDE", "dishwasher"], ["ON", "bathroomcabinet"], ["ON", "bathroomcounter"], ["ON", "bed"], ["ON", "bookshelf"], ["ON", "chair"], ["ON", "desk"], ["ON", "floor"], ["ON", "kitchentable"], ["ON", "mousemat"], ["ON", "nightstand"], ["ON", "oventray"], ["ON", "radio"], ["ON", "sofa"], ["ON", "stove"], ["ON", "towelrack"]], "condimentshaker": [["INSIDE", "kitchencabinet"], ["INSIDE", "cabinet"], ["INSIDE", "fridge"], ["INSIDE", "dishwasher"], ["ON", "bathroomcabinet"], ["ON", "bathroomcounter"], ["ON", "bed"], ["ON", "bookshelf"], ["ON", "chair"], ["ON", "desk"], ["ON", "floor"], ["ON", "kitchentable"], ["ON", "mousemat"], ["ON", "nightstand"], ["ON", "oventray"], ["ON", "radio"], ["ON", "sofa"], ["ON", "stove"], ["ON", "towelrack"]], "cookingpot": [["INSIDE", "kitchencabinet"], ["INSIDE", "cabinet"], ["INSIDE", "fridge"], ["INSIDE", "dishwasher"], ["ON", "bathroomcounter"], ["ON", "bed"], ["ON", "bookshelf"], ["ON", "chair"], ["ON", "desk"], ["ON", "floor"], ["ON", "kitchentable"], ["ON", "oventray"], ["ON", "radio"], ["ON", "sofa"], ["ON", "stove"]], "crackers": [["INSIDE", "kitchencabinet"], ["INSIDE", "cabinet"], ["INSIDE", "fridge"], ["INSIDE", "dishwasher"], ["ON", "bathroomcabinet"], ["ON", "bathroomcounter"], ["ON", "bed"], ["ON", "bookshelf"], ["ON", "chair"], ["ON", "desk"], ["ON", "floor"], ["ON", "kitchentable"], ["ON", "mousemat"], ["ON", "nightstand"], ["ON", "oventray"], ["ON", "radio"], ["ON", "sofa"], ["ON", "stove"]], "crayons": [["INSIDE", "kitchencabinet"], ["INSIDE", "cabinet"], ["INSIDE", "fridge"], ["INSIDE", "dishwasher"], ["ON", "bathroomcabinet"], ["ON", "bathroomcounter"], ["ON", "bed"], ["ON", "bookshelf"], ["ON", "chair"], ["ON", "desk"], ["ON", "floor"], ["ON", "kitchentable"], ["ON", "mousemat"], ["ON", "nightstand"], ["ON", "oventray"], ["ON", "radio"], ["ON", "sofa"], ["ON", "stove"]], "creamybuns": [["INSIDE", "kitchencabinet"], ["INSIDE", "cabinet"], ["INSIDE", "fridge"], ["INSIDE", "dishwasher"], ["ON", "bathroomcounter"], ["ON", "bed"], ["ON", "bookshelf"], ["ON", "chair"], ["ON", "desk"], ["ON", "floor"], ["ON", "kitchentable"], ["ON", "mousemat"], ["ON", "nightstand"], ["ON", "oventray"], ["ON", "radio"], ["ON", "sofa"], ["ON", "stove"]], "cupcake": [["INSIDE", "kitchencabinet"], ["INSIDE", "cabinet"], ["INSIDE", "fridge"], ["INSIDE", "dishwasher"], ["ON", "bathroomcabinet"], ["ON", "bathroomcounter"], ["ON", "bed"], ["ON", "bookshelf"], ["ON", "chair"], ["ON", "desk"], ["ON", "floor"], ["ON", "kitchentable"], ["ON", "mousemat"], ["ON", "nightstand"], ["ON", "oventray"], ["ON", "radio"], ["ON", "sofa"], ["ON", "stove"]], "cutleryfork": [["INSIDE", "kitchencabinet"], ["INSIDE", "cabinet"], ["INSIDE", "fridge"], ["INSIDE", "dishwasher"], ["ON", "bathroomcabinet"], ["ON", "bathroomcounter"], ["ON", "bed"], ["ON", "chair"], ["ON", "desk"], ["ON", "floor"], ["ON", "kitchentable"], ["ON", "mousemat"], ["ON", "nightstand"], ["ON", "oventray"], ["ON", "radio"], ["ON", "sofa"], ["ON", "stove"], ["ON", "towelrack"]], "cutleryknife": [["INSIDE", "kitchencabinet"], ["INSIDE", "cabinet"], ["INSIDE", "fridge"], ["INSIDE", "dishwasher"], ["INSIDE", "microwave"], ["ON", "bathroomcabinet"], ["ON", "bathroomcounter"], ["ON", "bed"], ["ON", "bookshelf"], ["ON", "chair"], ["ON", "desk"], ["ON", "floor"], ["ON", "kitchentable"], ["ON", "mousemat"], ["ON", "nightstand"], ["ON", "oventray"], ["ON", "radio"], ["ON", "sofa"], ["ON", "stove"], ["ON", "towelrack"]], "cutlets": [["INSIDE", "kitchencabinet"], ["INSIDE", "cabinet"], ["INSIDE", "fridge"], ["INSIDE", "dishwasher"], ["ON", "bathroomcounter"], ["ON", "bed"], ["ON", "bookshelf"], ["ON", "chair"], ["ON", "desk"], ["ON", "floor"], ["ON", "kitchentable"], ["ON", "oventray"], ["ON", "radio"], ["ON", "sofa"], ["ON", "stove"]], "cuttingboard": [["INSIDE", "kitchencabinet"], ["INSIDE", "cabinet"], ["INSIDE", "fridge"], ["INSIDE", "dishwasher"], ["ON", "bathroomcounter"], ["ON", "bed"], ["ON", "chair"], ["ON", "desk"], ["ON", "floor"], ["ON", "kitchentable"], ["ON", "oventray"], ["ON", "radio"], ["ON", "sofa"], ["ON", "stove"]], "dishbowl": [["INSIDE", "kitchencabinet"], ["INSIDE", "cabinet"], ["INSIDE", "fridge"], ["INSIDE", "dishwasher"], ["ON", "bathroomcounter"], ["ON", "bed"], ["ON", "bookshelf"], ["ON", "chair"], ["ON", "desk"], ["ON", "floor"], ["ON", "kitchentable"], ["ON", "mousemat"], ["ON", "oventray"], ["ON", "radio"], ["ON", "sofa"], ["ON", "stove"]], "dishwashingliquid": [["INSIDE", "kitchencabinet"], ["INSIDE", "cabinet"], ["INSIDE", "fridge"], ["INSIDE", "dishwasher"], ["ON", "bathroomcounter"], ["ON", "bed"], ["ON", "bookshelf"], ["ON", "chair"], ["ON", "desk"], ["ON", "floor"], ["ON", "kitchentable"], ["ON", "mousemat"], ["ON", "nightstand"], ["ON", "radio"], ["ON", "sofa"], ["ON", "stove"]], "facecream": [["INSIDE", "kitchencabinet"], ["INSIDE", "cabinet"], ["INSIDE", "fridge"], ["INSIDE", "dishwasher"], ["ON", "bathroomcabinet"], ["ON", "bathroomcounter"], ["ON", "bed"], ["ON", "bookshelf"], ["ON", "chair"], ["ON", "desk"], ["ON", "floor"], ["ON", "kitchentable"], ["ON", "mousemat"], ["ON", "nightstand"], ["ON", "oventray"], ["ON", "radio"], ["ON", "sofa"], ["ON", "stove"], ["ON", "towelrack"]], "folder": [["INSIDE", "kitchencabinet"], ["INSIDE", "cabinet"], ["INSIDE", "fridge"], ["INSIDE", "dishwasher"], ["ON", "bathroomcabinet"], ["ON", "bathroomcounter"], ["ON", "bed"], ["ON", "bookshelf"], ["ON", "chair"], ["ON", "desk"], ["ON", "floor"], ["ON", "kitchentable"], ["ON", "nightstand"], ["ON", "oventray"], ["ON", "radio"], ["ON", "sofa"], ["ON", "stove"]], "fryingpan": [["INSIDE", "kitchencabinet"], ["INSIDE", "cabinet"], ["INSIDE", "fridge"], ["INSIDE", "dishwasher"], ["ON", "bathroomcounter"], ["ON", "bed"], ["ON", "chair"], ["ON", "floor"], ["ON", "kitchentable"], ["ON", "oventray"], ["ON", "sofa"], ["ON", "stove"]], "glasses": [["INSIDE", "kitchencabinet"], ["INSIDE", "cabinet"], ["INSIDE", "fridge"], ["INSIDE", "dishwasher"], ["ON", "bathroomcabinet"], ["ON", "bathroomcounter"], ["ON", "bed"], ["ON", "bookshelf"], ["ON", "chair"], ["ON", "desk"], ["ON", "floor"], ["ON", "kitchentable"], ["ON", "nightstand"], ["ON", "oventray"], ["ON", "radio"], ["ON", "sofa"], ["ON", "stove"]], "globe": [["INSIDE", "kitchencabinet"], ["INSIDE", "cabinet"], ["INSIDE", "fridge"], ["INSIDE", "dishwasher"], ["ON", "bathroomcounter"], ["ON", "bed"], ["ON", "bookshelf"], ["ON", "chair"], ["ON", "desk"], ["ON", "floor"], ["ON", "kitchentable"], ["ON", "radio"], ["ON", "sofa"], ["ON", "stove"]], "hairproduct": [["INSIDE", "kitchencabinet"], ["INSIDE", "cabinet"], ["INSIDE", "fridge"], ["INSIDE", "dishwasher"], ["ON", "bathroomcabinet"], ["ON", "bathroomcounter"], ["ON", "bed"], ["ON", "bookshelf"], ["ON", "chair"], ["ON", "desk"], ["ON", "floor"], ["ON", "kitchentable"], ["ON", "mousemat"], ["ON", "nightstand"], ["ON", "oventray"], ["ON", "radio"], ["ON", "sofa"], ["ON", "stove"], ["ON", "towelrack"]], "hanger": [["INSIDE", "kitchencabinet"], ["INSIDE", "cabinet"], ["INSIDE", "fridge"], ["INSIDE", "dishwasher"], ["ON", "bathroomcabinet"], ["ON", "bathroomcounter"], ["ON", "bed"], ["ON", "chair"], ["ON", "desk"], ["ON", "floor"], ["ON", "kitchentable"], ["ON", "mousemat"], ["ON", "nightstand"], ["ON", "sofa"], ["ON", "stove"], ["ON", "towelrack"]], "juice": [["INSIDE", "kitchencabinet"], ["INSIDE", "cabinet"], ["INSIDE", "fridge"], ["INSIDE", "dishwasher"], ["ON", "bathroomcabinet"], ["ON", "bathroomcounter"], ["ON", "bed"], ["ON", "bookshelf"], ["ON", "chair"], ["ON", "desk"], ["ON", "floor"], ["ON", "kitchentable"], ["ON", "mousemat"], ["ON", "nightstand"], ["ON", "oventray"], ["ON", "radio"], ["ON", "sofa"], ["ON", "stove"], ["ON", "towelrack"]], "keyboard": [["INSIDE", "cabinet"], ["INSIDE", "fridge"], ["INSIDE", "dishwasher"], ["ON", "bed"], ["ON", "bookshelf"], ["ON", "chair"], ["ON", "desk"], ["ON", "floor"], ["ON", "kitchentable"], ["ON", "radio"], ["ON", "sofa"], ["ON", "stove"]], "lime": [["INSIDE", "kitchencabinet"], ["INSIDE", "cabinet"], ["INSIDE", "fridge"], ["INSIDE", "dishwasher"], ["ON", "bathroomcabinet"], ["ON", "bathroomcounter"], ["ON", "bed"], ["ON", "bookshelf"], ["ON", "chair"], ["ON", "desk"], ["ON", "floor"], ["ON", "kitchentable"], ["ON", "mousemat"], ["ON", "nightstand"], ["ON", "oventray"], ["ON", "radio"], ["ON", "sofa"], ["ON", "stove"], ["ON", "towelrack"]], "lotionbottle": [["INSIDE", "kitchencabinet"], ["INSIDE", "cabinet"], ["INSIDE", "fridge"], ["INSIDE", "dishwasher"], ["ON", "bathroomcabinet"], ["ON", "bathroomcounter"], ["ON", "bed"], ["ON", "bookshelf"], ["ON", "chair"], ["ON", "desk"], ["ON", "floor"], ["ON", "kitchentable"], ["ON", "nightstand"], ["ON", "oventray"], ["ON", "radio"], ["ON", "sofa"], ["ON", "stove"], ["ON", "towelrack"]], "magazine": [["INSIDE", "kitchencabinet"], ["INSIDE", "cabinet"], ["INSIDE", "fridge"], ["INSIDE", "dishwasher"], ["ON", "bathroomcounter"], ["ON", "bed"], ["ON", "bookshelf"], ["ON", "chair"], ["ON", "desk"], ["ON", "floor"], ["ON", "kitchentable"], ["ON", "mousemat"], ["ON", "oventray"], ["ON", "radio"], ["ON", "sofa"], ["ON", "stove"]], "milk": [["INSIDE", "kitchencabinet"], ["INSIDE", "cabinet"], ["INSIDE", "fridge"], ["INSIDE", "dishwasher"], ["ON", "bathroomcabinet"], ["ON", "bathroomcounter"], ["ON", "bed"], ["ON", "bookshelf"], ["ON", "chair"], ["ON", "desk"], ["ON", "floor"], ["ON", "kitchentable"], ["ON", "mousemat"], ["ON", "nightstand"], ["ON", "oventray"], ["ON", "radio"], ["ON", "sofa"], ["ON", "stove"], ["ON", "towelrack"]], "milkshake": [["INSIDE", "kitchencabinet"], ["INSIDE", "cabinet"], ["INSIDE", "fridge"], ["INSIDE", "dishwasher"], ["ON", "bathroomcounter"], ["ON", "bed"], ["ON", "bookshelf"], ["ON", "chair"], ["ON", "desk"], ["ON", "floor"], ["ON", "kitchentable"], ["ON", "mousemat"], ["ON", "nightstand"], ["ON", "radio"], ["ON", "sofa"], ["ON", "stove"]], "mincedmeat": [["INSIDE", "kitchencabinet"], ["INSIDE", "cabinet"], ["INSIDE", "fridge"], ["INSIDE", "dishwasher"], ["ON", "bathroomcounter"], ["ON", "bed"], ["ON", "bookshelf"], ["ON", "chair"], ["ON", "desk"], ["ON", "floor"], ["ON", "kitchentable"], ["ON", "mousemat"], ["ON", "oventray"], ["ON", "radio"], ["ON", "sofa"], ["ON", "stove"]], "mouse": [["INSIDE", "kitchencabinet"], ["INSIDE", "cabinet"], ["INSIDE", "fridge"], ["INSIDE", "dishwasher"], ["ON", "bathroomcabinet"], ["ON", "bathroomcounter"], ["ON", "bed"], ["ON", "bookshelf"], ["ON", "chair"], ["ON", "desk"], ["ON", "floor"], ["ON", "kitchentable"], ["ON", "mousemat"], ["ON", "nightstand"], ["ON", "oventray"], ["ON", "radio"], ["ON", "sofa"], ["ON", "stove"]], "mug": [["INSIDE", "kitchencabinet"], ["INSIDE", "cabinet"], ["INSIDE", "fridge"], ["INSIDE", "dishwasher"], ["ON", "bathroomcabinet"], ["ON", "bathroomcounter"], ["ON", "bed"], ["ON", "bookshelf"], ["ON", "chair"], ["ON", "desk"], ["ON", "floor"], ["ON", "kitchentable"], ["ON", "mousemat"], ["ON", "nightstand"], ["ON", "oventray"], ["ON", "radio"], ["ON", "sofa"], ["ON", "stove"], ["ON", "towelrack"]], "notes": [["INSIDE", "kitchencabinet"], ["INSIDE", "cabinet"], ["INSIDE", "fridge"], ["INSIDE", "dishwasher"], ["ON", "bathroomcabinet"], ["ON", "bathroomcounter"], ["ON", "bed"], ["ON", "bookshelf"], ["ON", "chair"], ["ON", "desk"], ["ON", "floor"], ["ON", "kitchentable"], ["ON", "mousemat"], ["ON", "nightstand"], ["ON", "oventray"], ["ON", "radio"], ["ON", "sofa"], ["ON", "stove"]], "oventray": [["INSIDE", "fridge"], ["INSIDE", "dishwasher"], ["ON", "bed"], ["ON", "floor"]], "pancake": [["INSIDE", "kitchencabinet"], ["INSIDE", "cabinet"], ["INSIDE", "fridge"], ["INSIDE", "dishwasher"], ["ON", "bathroomcounter"], ["ON", "bed"], ["ON", "bookshelf"], ["ON", "chair"], ["ON", "desk"], ["ON", "floor"], ["ON", "kitchentable"], ["ON", "oventray"], ["ON", "radio"], ["ON", "sofa"], ["ON", "stove"]], "paper": [["INSIDE", "kitchencabinet"], ["INSIDE", "cabinet"], ["INSIDE", "fridge"], ["INSIDE", "dishwasher"], ["ON", "bathroomcabinet"], ["ON", "bathroomcounter"], ["ON", "bed"], ["ON", "bookshelf"], ["ON", "chair"], ["ON", "desk"], ["ON", "floor"], ["ON", "kitchentable"], ["ON", "mousemat"], ["ON", "nightstand"], ["ON", "oventray"], ["ON", "radio"], ["ON", "sofa"], ["ON", "stove"]], "pear": [["INSIDE", "kitchencabinet"], ["INSIDE", "cabinet"], ["INSIDE", "fridge"], ["INSIDE", "dishwasher"], ["ON", "bathroomcabinet"], ["ON", "bathroomcounter"], ["ON", "bed"], ["ON", "bookshelf"], ["ON", "chair"], ["ON", "desk"], ["ON", "floor"], ["ON", "kitchentable"], ["ON", "mousemat"], ["ON", "nightstand"], ["ON", "oventray"], ["ON", "radio"], ["ON", "sofa"], ["ON", "stove"]], "pie": [["INSIDE", "kitchencabinet"], ["INSIDE", "cabinet"], ["INSIDE", "fridge"], ["INSIDE", "dishwasher"], ["ON", "bathroomcounter"], ["ON", "bed"], ["ON", "bookshelf"], ["ON", "chair"], ["ON", "desk"], ["ON", "floor"], ["ON", "kitchentable"], ["ON", "oventray"], ["ON", "radio"], ["ON", "sofa"], ["ON", "stove"]], "pillow": [["INSIDE", "fridge"], ["INSIDE", "dishwasher"], ["ON", "bed"], ["ON", "floor"]], "plate": [["INSIDE", "kitchencabinet"], ["INSIDE", "cabinet"], ["INSIDE", "fridge"], ["INSIDE", "dishwasher"], ["ON", "bathroomcounter"], ["ON", "bed"], ["ON", "bookshelf"], ["ON", "chair"], ["ON", "desk"], ["ON", "floor"], ["ON", "kitchentable"], ["ON", "oventray"], ["ON", "radio"], ["ON", "sofa"], ["ON", "stove"]], "plum": [["INSIDE", "kitchencabinet"], ["INSIDE", "cabinet"], ["INSIDE", "fridge"], ["INSIDE", "dishwasher"], ["ON", "bathroomcabinet"], ["ON", "bathroomcounter"], ["ON", "bed"], ["ON", "bookshelf"], ["ON", "chair"], ["ON", "desk"], ["ON", "floor"], ["ON", "kitchentable"], ["ON", "mousemat"], ["ON", "nightstand"], ["ON", "oventray"], ["ON", "radio"], ["ON", "sofa"], ["ON", "stove"], ["ON", "towelrack"]], "poundcake": [["INSIDE", "kitchencabinet"], ["INSIDE", "cabinet"], ["INSIDE", "fridge"], ["INSIDE", "dishwasher"], ["ON", "bathroomcounter"], ["ON", "bed"], ["ON", "bookshelf"], ["ON", "chair"], ["ON", "desk"], ["ON", "floor"], ["ON", "kitchentable"], ["ON", "oventray"], ["ON", "radio"], ["ON", "sofa"], ["ON", "stove"]], "pudding": [["INSIDE", "kitchencabinet"], ["INSIDE", "cabinet"], ["INSIDE", "fridge"], ["INSIDE", "dishwasher"], ["ON", "bathroomcounter"], ["ON", "bed"], ["ON", "bookshelf"], ["ON", "chair"], ["ON", "desk"], ["ON", "floor"], ["ON", "kitchentable"], ["ON", "mousemat"], ["ON", "oventray"], ["ON", "radio"], ["ON", "sofa"], ["ON", "stove"]], "radio": [["INSIDE", "kitchencabinet"], ["INSIDE", "cabinet"], ["INSIDE", "fridge"], ["INSIDE", "dishwasher"], ["ON", "bathroomcounter"], ["ON", "bed"], ["ON", "bookshelf"], ["ON", "chair"], ["ON", "desk"], ["ON", "floor"], ["ON", "kitchentable"], ["ON", "oventray"], ["ON", "radio"], ["ON", "sofa"], ["ON", "stove"]], "remotecontrol": [["INSIDE", "kitchencabinet"], ["INSIDE", "cabinet"], ["INSIDE", "fridge"], ["INSIDE", "dishwasher"], ["ON", "bathroomcabinet"], ["ON", "bathroomcounter"], ["ON", "bed"], ["ON", "bookshelf"], ["ON", "chair"], ["ON", "desk"], ["ON", "floor"], ["ON", "kitchentable"], ["ON", "mousemat"], ["ON", "nightstand"], ["ON", "oventray"], ["ON", "radio"], ["ON", "sofa"], ["ON", "stove"], ["ON", "towelrack"]], "rug": [["ON", "bed"]], "salad": [["INSIDE", "kitchencabinet"], ["INSIDE", "cabinet"], ["INSIDE", "fridge"], ["INSIDE", "dishwasher"], ["ON", "bathroomcounter"], ["ON", "bed"], ["ON", "chair"], ["ON", "desk"], ["ON", "floor"], ["ON", "kitchentable"], ["ON", "oventray"], ["ON", "radio"], ["ON", "sofa"], ["ON", "stove"]], "salmon": [["INSIDE", "kitchencabinet"], ["INSIDE", "cabinet"], ["INSIDE", "fridge"], ["INSIDE", "dishwasher"], ["ON", "bathroomcounter"], ["ON", "bed"], ["ON", "bookshelf"], ["ON", "chair"], ["ON", "desk"], ["ON", "floor"], ["ON", "kitchentable"], ["ON", "mousemat"], ["ON", "oventray"], ["ON", "radio"], ["ON", "sofa"], ["ON", "stove"]], "slippers": [["INSIDE", "kitchencabinet"], ["INSIDE", "cabinet"], ["INSIDE", "fridge"], ["INSIDE", "dishwasher"], ["ON", "bathroomcounter"], ["ON", "bed"], ["ON", "chair"], ["ON", "desk"], ["ON", "floor"], ["ON", "kitchentable"], ["ON", "oventray"], ["ON", "radio"], ["ON", "sofa"], ["ON", "stove"]], "sportsball": [["INSIDE", "kitchencabinet"], ["INSIDE", "cabinet"], ["INSIDE", "fridge"], ["INSIDE", "dishwasher"], ["ON", "bathroomcabinet"], ["ON", "bathroomcounter"], ["ON", "bed"], ["ON", "bookshelf"], ["ON", "chair"], ["ON", "desk"], ["ON", "floor"], ["ON", "kitchentable"], ["ON", "mousemat"], ["ON", "nightstand"], ["ON", "oventray"], ["ON", "radio"], ["ON", "sofa"], ["ON", "stove"], ["ON", "towelrack"]], "sundae": [["INSIDE", "kitchencabinet"], ["INSIDE", "cabinet"], ["INSIDE", "fridge"], ["INSIDE", "dishwasher"], ["ON", "bathroomcabinet"], ["ON", "bathroomcounter"], ["ON", "bed"], ["ON", "bookshelf"], ["ON", "chair"], ["ON", "desk"], ["ON", "floor"], ["ON", "kitchentable"], ["ON", "mousemat"], ["ON", "nightstand"], ["ON", "radio"], ["ON", "sofa"], ["ON", "stove"]], "teddybear": [["INSIDE", "kitchencabinet"], ["INSIDE", "cabinet"], ["INSIDE", "fridge"], ["INSIDE", "dishwasher"], ["ON", "bathroomcounter"], ["ON", "bed"], ["ON", "bookshelf"], ["ON", "chair"], ["ON", "desk"], ["ON", "floor"], ["ON", "kitchentable"], ["ON", "oventray"], ["ON", "radio"], ["ON", "sofa"], ["ON", "stove"]], "toiletpaper": [["INSIDE", "cabinet"], ["INSIDE", "fridge"], ["INSIDE", "dishwasher"], ["ON", "bathroomcounter"], ["ON", "bed"], ["ON", "bookshelf"], ["ON", "chair"], ["ON", "desk"], ["ON", "floor"], ["ON", "kitchentable"], ["ON", "mousemat"], ["ON", "oventray"], ["ON", "radio"], ["ON", "sofa"], ["ON", "stove"]], "toothbrush": [["INSIDE", "kitchencabinet"], ["INSIDE", "cabinet"], ["INSIDE", "fridge"], ["INSIDE", "dishwasher"], ["ON", "bathroomcounter"], ["ON", "bed"], ["ON", "bookshelf"], ["ON", "chair"], ["ON", "desk"], ["ON", "floor"], ["ON", "kitchentable"], ["ON", "nightstand"], ["ON", "oventray"], ["ON", "radio"], ["ON", "sofa"], ["ON", "stove"]], "toothpaste": [["INSIDE", "kitchencabinet"], ["INSIDE", "cabinet"], ["INSIDE", "fridge"], ["INSIDE", "dishwasher"], ["ON", "bathroomcounter"], ["ON", "bed"], ["ON", "bookshelf"], ["ON", "chair"], ["ON", "desk"], ["ON", "floor"], ["ON", "kitchentable"], ["ON", "mousemat"], ["ON", "nightstand"], ["ON", "oventray"], ["ON", "radio"], ["ON", "sofa"], ["ON", "stove"]], "towel": [["INSIDE", "kitchencabinet"], ["INSIDE", "cabinet"], ["INSIDE", "fridge"], ["INSIDE", "dishwasher"], ["ON", "bathroomcounter"], ["ON", "bed"], ["ON", "bookshelf"], ["ON", "chair"], ["ON", "desk"], ["ON", "floor"], ["ON", "kitchentable"], ["ON", "nightstand"], ["ON", "sofa"], ["ON", "stove"]], "towelrack": [["INSIDE", "cabinet"], ["INSIDE", "fridge"], ["INSIDE", "dishwasher"], ["ON", "bathroomcounter"], ["ON", "bed"], ["ON", "chair"], ["ON", "desk"], ["ON", "floor"], ["ON", "kitchentable"], ["ON", "mousemat"], ["ON", "nightstand"], ["ON", "oventray"], ["ON", "radio"], ["ON", "sofa"]], "toy": [["INSIDE", "kitchencabinet"], ["INSIDE", "cabinet"], ["INSIDE", "fridge"], ["INSIDE", "dishwasher"], ["ON", "bathroomcabinet"], ["ON", "bathroomcounter"], ["ON", "bed"], ["ON", "bookshelf"], ["ON", "chair"], ["ON", "desk"], ["ON", "floor"], ["ON", "kitchentable"], ["ON", "mousemat"], ["ON", "nightstand"], ["ON", "oventray"], ["ON", "radio"], ["ON", "sofa"], ["ON", "stove"], ["ON", "towelrack"]], "wallphone": [["INSIDE", "kitchencabinet"], ["INSIDE", "cabinet"], ["INSIDE", "fridge"], ["INSIDE", "dishwasher"], ["ON", "bathroomcabinet"], ["ON", "bathroomcounter"], ["ON", "bed"], ["ON", "bookshelf"], ["ON", "chair"], ["ON", "desk"], ["ON", "floor"], ["ON", "kitchentable"], ["ON", "nightstand"], ["ON", "oventray"], ["ON", "radio"], ["ON", "sofa"], ["ON", "stove"], ["ON", "towelrack"]], "wallpictureframe": [["INSIDE", "kitchencabinet"], ["INSIDE", "cabinet"], ["INSIDE", "fridge"], ["INSIDE", "dishwasher"], ["ON", "bathroomcabinet"], ["ON", "bathroomcounter"], ["ON", "bed"], ["ON", "bookshelf"], ["ON", "chair"], ["ON", "desk"], ["ON", "floor"], ["ON", "kitchentable"], ["ON", "nightstand"], ["ON", "oventray"], ["ON", "radio"], ["ON", "sofa"], ["ON", "stove"], ["ON", "towelrack"]], "washingsponge": [["INSIDE", "kitchencabinet"], ["INSIDE", "cabinet"], ["INSIDE", "fridge"], ["INSIDE", "dishwasher"], ["ON", "bathroomcabinet"], ["ON", "bathroomcounter"], ["ON", "bed"], ["ON", "bookshelf"], ["ON", "chair"], ["ON", "desk"], ["ON", "floor"], ["ON", "kitchentable"], ["ON", "mousemat"], ["ON", "nightstand"], ["ON", "oventray"], ["ON", "radio"], ["ON", "sofa"], ["ON", "stove"]], "waterglass": [["INSIDE", "kitchencabinet"], ["INSIDE", "cabinet"], ["INSIDE", "fridge"], ["INSIDE", "dishwasher"], ["ON", "bathroomcabinet"], ["ON", "bathroomcounter"], ["ON", "bed"], ["ON", "bookshelf"], ["ON", "chair"], ["ON", "desk"], ["ON", "floor"], ["ON", "kitchentable"], ["ON", "mousemat"], ["ON", "nightstand"], ["ON", "oventray"], ["ON", "radio"], ["ON", "sofa"], ["ON", "stove"]], "whippedcream": [["INSIDE", "kitchencabinet"], ["INSIDE", "cabinet"], ["INSIDE", "fridge"], ["INSIDE", "dishwasher"], ["ON", "bathroomcabinet"], ["ON", "bathroomcounter"], ["ON", "bed"], ["ON", "bookshelf"], ["ON", "chair"], ["ON", "desk"], ["ON", "floor"], ["ON", "kitchentable"], ["ON", "mousemat"], ["ON", "nightstand"], ["ON", "radio"], ["ON", "sofa"], ["ON", "stove"], ["ON", "towelrack"]], "wine": [["INSIDE", "kitchencabinet"], ["INSIDE", "cabinet"], ["INSIDE", "fridge"], ["INSIDE", "dishwasher"], ["ON", "bathroomcabinet"], ["ON", "bathroomcounter"], ["ON", "bed"], ["ON", "bookshelf"], ["ON", "chair"], ["ON", "desk"], ["ON", "floor"], ["ON", "kitchentable"], ["ON", "nightstand"], ["ON", "oventray"], ["ON", "radio"], ["ON", "sofa"], ["ON", "stove"]], "wineglass": [["INSIDE", "kitchencabinet"], ["INSIDE", "cabinet"], ["INSIDE", "fridge"], ["INSIDE", "dishwasher"], ["ON", "bathroomcabinet"], ["ON", "bathroomcounter"], ["ON", "bed"], ["ON", "bookshelf"], ["ON", "chair"], ["ON", "desk"], ["ON", "floor"], ["ON", "kitchentable"], ["ON", "mousemat"], ["ON", "nightstand"], ["ON", "oventray"], ["ON", "radio"], ["ON", "sofa"], ["ON", "stove"], ["ON", "towelrack"]]}