{"alcohol": [["INSIDE", "kitchencabinet"], ["INSIDE", "kitchencounterdrawer"], ["INSIDE", "cabinet"], ["INSIDE", "fridge"], ["INSIDE", "dishwasher"], ["INSIDE", "microwave"], ["ON", "bathroomcabinet"], ["ON", "bathroomcounter"], ["ON", "bed"], ["ON", "bookshelf"], ["ON", "chair"], ["ON", "coffeetable"], ["ON", "desk"], ["ON", "floor"], ["ON", "kitchencounter"], ["ON", "kitchentable"], ["ON", "nightstand"], ["ON", "oventray"], ["ON", "radio"], ["ON", "sofa"], ["ON", "stove"]], "apple": [["INSIDE", "kitchencabinet"], ["INSIDE", "kitchencounterdrawer"], ["INSIDE", "cabinet"], ["INSIDE", "fridge"], ["INSIDE", "dishwasher"], ["INSIDE", "microwave"], ["ON", "bathroomcabinet"], ["ON", "bathroomcounter"], ["ON", "bed"], ["ON", "bookshelf"], ["ON", "chair"], ["ON", "coffeetable"], ["ON", "desk"], ["ON", "floor"], ["ON", "fryingpan"], ["ON", "kitchencounter"], ["ON", "kitchentable"], ["ON", "mousemat"], ["ON", "nightstand"], ["ON", "oventray"], ["ON", "radio"], ["ON", "sofa"], ["ON", "stove"]], "bananas": [["INSIDE", "kitchencabinet"], ["INSIDE", "kitchencounterdrawer"], ["INSIDE", "cabinet"], ["INSIDE", "fridge"], ["INSIDE", "dishwasher"], ["INSIDE", "microwave"], ["ON", "bathroomcounter"], ["ON", "bed"], ["ON", "bookshelf"], ["ON", "chair"], ["ON", "coffeetable"], ["ON", "desk"], ["ON", "floor"], ["ON", "fryingpan"], ["ON", "kitchencounter"], ["ON", "kitchentable"], ["ON", "mousemat"], ["ON", "nightstand"], ["ON", "oventray"], ["ON", "radio"], ["ON", "sofa"], ["ON", "stove"]], "barsoap": [["INSIDE", "kitchencabinet"], ["INSIDE", "kitchencounterdrawer"], ["INSIDE", "cabinet"], ["INSIDE", "fridge"], ["INSIDE", "dishwasher"], ["INSIDE", "microwave"], ["ON", "bathroomcounter"], ["ON", "bed"], ["ON", "bookshelf"], ["ON", "chair"], ["ON", "coffeetable"], ["ON", "desk"], ["ON", "floor"], ["ON", "fryingpan"], ["ON", "kitchencounter"], ["ON", "kitchentable"], ["ON", "mousemat"], ["ON", "nightstand"], ["ON", "oventray"], ["ON", "radio"], ["ON", "sofa"], ["ON", "stove"]], "bellpepper": [["INSIDE", "kitchencabinet"], ["INSIDE", "kitchencounterdrawer"], ["INSIDE", "cabinet"], ["INSIDE", "fridge"], ["INSIDE", "dishwasher"], ["INSIDE", "microwave"], ["ON", "bathroomcounter"], ["ON", "bed"], ["ON", "bookshelf"], ["ON", "coffeetable"], ["ON", "desk"], ["ON", "floor"], ["ON", "fryingpan"], ["ON", "kitchencounter"], ["ON", "kitchentable"], ["ON", "mousemat"], ["ON", "nightstand"], ["ON", "oventray"], ["ON", "radio"], ["ON", "sofa"], ["ON", "stove"]], "boardgame": [["INSIDE", "kitchencabinet"], ["INSIDE", "kitchencounterdrawer"], ["INSIDE", "cabinet"], ["INSIDE", "fridge"], ["INSIDE", "dishwasher"], ["ON", "bathroomcounter"], ["ON", "bed"], ["ON", "bookshelf"], ["ON", "coffeetable"], ["ON", "desk"], ["ON", "floor"], ["ON", "fryingpan"], ["ON", "kitchencounter"], ["ON", "nightstand"], ["ON", "oventray"], ["ON", "radio"], ["ON", "sofa"], ["ON", "stove"]], "book": [["INSIDE", "kitchencabinet"], ["INSIDE", "kitchencounterdrawer"], ["INSIDE", "cabinet"], ["INSIDE", "fridge"], ["INSIDE", "dishwasher"], ["INSIDE", "microwave"], ["ON", "bathroomcounter"], ["ON", "bed"], ["ON", "bookshelf"], ["ON", "chair"], ["ON", "coffeetable"], ["ON", "desk"], ["ON", "floor"], ["ON", "kitchencounter"], ["ON", "kitchentable"], ["ON", "nightstand"], ["ON", "oventray"], ["ON", "radio"], ["ON", "sofa"], ["ON", "stove"]], "box": [["INSIDE", "kitchencabinet"], ["INSIDE", "kitchencounterdrawer"], ["INSIDE", "cabinet"], ["INSIDE", "fridge"], ["INSIDE", "dishwasher"], ["ON", "bathroomcounter"], ["ON", "bed"], ["ON", "bookshelf"], ["ON", "coffeetable"], ["ON", "desk"], ["ON", "floor"], ["ON", "fryingpan"], ["ON", "kitchencounter"], ["ON", "nightstand"], ["ON", "oventray"], ["ON", "radio"], ["ON", "sofa"], ["ON", "stove"]], "breadslice": [["INSIDE", "kitchencabinet"], ["INSIDE", "kitchencounterdrawer"], ["INSIDE", "cabinet"], ["INSIDE", "fridge"], ["INSIDE", "dishwasher"], ["INSIDE", "microwave"], ["ON", "bathroomcounter"], ["ON", "bed"], ["ON", "bookshelf"], ["ON", "chair"], ["ON", "coffeetable"], ["ON", "desk"], ["ON", "floor"], ["ON", "fryingpan"], ["ON", "kitchencounter"], ["ON", "kitchentable"], ["ON", "mousemat"], ["ON", "nightstand"], ["ON", "oventray"], ["ON", "radio"], ["ON", "sofa"], ["ON", "stove"]], "candle": [["INSIDE", "kitchencabinet"], ["INSIDE", "kitchencounterdrawer"], ["INSIDE", "cabinet"], ["INSIDE", "fridge"], ["INSIDE", "dishwasher"], ["INSIDE", "microwave"], ["ON", "bathroomcabinet"], ["ON", "bathroomcounter"], ["ON", "bed"], ["ON", "bookshelf"], ["ON", "chair"], ["ON", "coffeetable"], ["ON", "desk"], ["ON", "floor"], ["ON", "fryingpan"], ["ON", "kitchencounter"], ["ON", "kitchentable"], ["ON", "mousemat"], ["ON", "nightstand"], ["ON", "oventray"], ["ON", "radio"], ["ON", "sofa"], ["ON", "stove"]], "candybar": [["INSIDE", "kitchencabinet"], ["INSIDE", "kitchencounterdrawer"], ["INSIDE", "cabinet"], ["INSIDE", "fridge"], ["INSIDE", "dishwasher"], ["INSIDE", "microwave"], ["ON", "bathroomcounter"], ["ON", "bed"], ["ON", "bookshelf"], ["ON", "chair"], ["ON", "coffeetable"], ["ON", "desk"], ["ON", "floor"], ["ON", "fryingpan"], ["ON", "kitchencounter"], ["ON", "kitchentable"], ["ON", "mousemat"], ["ON", "nightstand"], ["ON", "oventray"], ["ON", "radio"], ["ON", "sofa"], ["ON", "stove"]], "carrot": [["INSIDE", "kitchencabinet"], ["INSIDE", "kitchencounterdrawer"], ["INSIDE", "cabinet"], ["INSIDE", "fridge"], ["INSIDE", "dishwasher"], ["INSIDE", "microwave"], ["ON", "bathroomcabinet"], ["ON", "bathroomcounter"], ["ON", "bed"], ["ON", "bookshelf"], ["ON", "chair"], ["ON", "coffeetable"], ["ON", "desk"], ["ON", "floor"], ["ON", "fryingpan"], ["ON", "kitchencounter"], ["ON", "kitchentable"], ["ON", "mousemat"], ["ON", "nightstand"], ["ON", "oventray"], ["ON", "radio"], ["ON", "sofa"], ["ON", "stove"]], "cellphone": [["INSIDE", "kitchencabinet"], ["INSIDE", "kitchencounterdrawer"], ["INSIDE", "cabinet"], ["INSIDE", "fridge"], ["INSIDE", "dishwasher"], ["INSIDE", "microwave"], ["ON", "bathroomcabinet"], ["ON", "bathroomcounter"], ["ON", "bed"], ["ON", "bookshelf"], ["ON", "chair"], ["ON", "coffeetable"], ["ON", "desk"], ["ON", "floor"], ["ON", "fryingpan"], ["ON", "kitchencounter"], ["ON", "kitchentable"], ["ON", "mousemat"], ["ON", "nightstand"], ["ON", "oventray"], ["ON", "radio"], ["ON", "sofa"], ["ON", "stove"]], "cereal": [["INSIDE", "kitchencabinet"], ["INSIDE", "kitchencounterdrawer"], ["INSIDE", "cabinet"], ["INSIDE", "fridge"], ["INSIDE", "dishwasher"], ["INSIDE", "microwave"], ["ON", "bathroomcounter"], ["ON", "bed"], ["ON", "bookshelf"], ["ON", "coffeetable"], ["ON", "desk"], ["ON", "floor"], ["ON", "fryingpan"], ["ON", "kitchencounter"], ["ON", "kitchentable"], ["ON", "mousemat"], ["ON", "nightstand"], ["ON", "radio"], ["ON", "sofa"], ["ON", "stove"]], "chicken": [["INSIDE", "kitchencabinet"], ["INSIDE", "kitchencounterdrawer"], ["INSIDE", "cabinet"], ["INSIDE", "fridge"], ["INSIDE", "dishwasher"], ["INSIDE", "microwave"], ["ON", "bathroomcounter"], ["ON", "bed"], ["ON", "bookshelf"], ["ON", "coffeetable"], ["ON", "desk"], ["ON", "floor"], ["ON", "fryingpan"], ["ON", "kitchencounter"], ["ON", "kitchentable"], ["ON", "nightstand"], ["ON", "oventray"], ["ON", "radio"], ["ON", "sofa"], ["ON", "stove"]], "chinesefood": [["INSIDE", "kitchencabinet"], ["INSIDE", "kitchencounterdrawer"], ["INSIDE", "cabinet"], ["INSIDE", "fridge"], ["INSIDE", "dishwasher"], ["INSIDE", "microwave"], ["ON", "bathroomcounter"], ["ON", "bed"], ["ON", "bookshelf"], ["ON", "chair"], ["ON", "coffeetable"], ["ON", "desk"], ["ON", "floor"], ["ON", "fryingpan"], ["ON", "kitchencounter"], ["ON", "kitchentable"], ["ON", "mousemat"], ["ON", "nightstand"], ["ON", "oventray"], ["ON", "radio"], ["ON", "sofa"], ["ON", "stove"]], "chips": [["INSIDE", "kitchencabinet"], ["INSIDE", "cabinet"], ["INSIDE", "fridge"], ["INSIDE", "dishwasher"], ["ON", "bathroomcounter"], ["ON", "bed"], ["ON", "coffeetable"], ["ON", "desk"], ["ON", "floor"], ["ON", "fryingpan"], ["ON", "kitchencounter"], ["ON", "kitchentable"], ["ON", "mousemat"], ["ON", "nightstand"], ["ON", "radio"], ["ON", "sofa"], ["ON", "stove"]], "chocolatesyrup": [["INSIDE", "kitchencabinet"], ["INSIDE", "kitchencounterdrawer"], ["INSIDE", "cabinet"], ["INSIDE", "fridge"], ["INSIDE", "dishwasher"], ["INSIDE", "microwave"], ["ON", "bathroomcabinet"], ["ON", "bathroomcounter"], ["ON", "bed"], ["ON", "bookshelf"], ["ON", "coffeetable"], ["ON", "desk"], ["ON", "floor"], ["ON", "fryingpan"], ["ON", "kitchencounter"], ["ON", "kitchentable"], ["ON", "mousemat"], ["ON", "nightstand"], ["ON", "oventray"], ["ON", "radio"], ["ON", "sofa"], ["ON", "stove"]], "clock": [["INSIDE", "kitchencabinet"], ["INSIDE", "kitchencounterdrawer"], ["INSIDE", "cabinet"], ["INSIDE", "fridge"], ["INSIDE", "dishwasher"], ["INSIDE", "microwave"], ["ON", "bathroomcounter"], ["ON", "bed"], ["ON", "bookshelf"], ["ON", "coffeetable"], ["ON", "desk"], ["ON", "floor"], ["ON", "fryingpan"], ["ON", "kitchencounter"], ["ON", "kitchentable"], ["ON", "nightstand"], ["ON", "oventray"], ["ON", "radio"], ["ON", "sofa"], ["ON", "stove"]], "clothespants": [["INSIDE", "kitchencabinet"], ["INSIDE", "cabinet"], ["INSIDE", "fridge"], ["INSIDE", "dishwasher"], ["ON", "bathroomcounter"], ["ON", "bookshelf"], ["ON", "chair"], ["ON", "desk"], ["ON", "kitchencounter"], ["ON", "kitchentable"], ["ON", "sofa"], ["ON", "stove"]], "clothespile": [["INSIDE", "kitchencabinet"], ["INSIDE", "kitchencounterdrawer"], ["INSIDE", "cabinet"], ["INSIDE", "fridge"], ["INSIDE", "dishwasher"], ["ON", "bathroomcounter"], ["ON", "bed"], ["ON", "bookshelf"], ["ON", "coffeetable"], ["ON", "desk"], ["ON", "floor"], ["ON", "fryingpan"], ["ON", "kitchencounter"], ["ON", "oventray"], ["ON", "radio"], ["ON", "sofa"]], "clothesshirt": [["INSIDE", "kitchencabinet"], ["INSIDE", "cabinet"], ["INSIDE", "fridge"], ["INSIDE", "dishwasher"], ["ON", "bathroomcounter"], ["ON", "chair"], ["ON", "desk"], ["ON", "kitchencounter"], ["ON", "kitchentable"], ["ON", "sofa"], ["ON", "stove"]], "coffeepot": [["INSIDE", "kitchencabinet"], ["INSIDE", "kitchencounterdrawer"], ["INSIDE", "cabinet"], ["INSIDE", "fridge"], ["INSIDE", "dishwasher"], ["INSIDE", "microwave"], ["ON", "bathroomcounter"], ["ON", "bed"], ["ON", "bookshelf"], ["ON", "chair"], ["ON", "coffeetable"], ["ON", "desk"], ["ON", "floor"], ["ON", "fryingpan"], ["ON", "kitchencounter"], ["ON", "kitchentable"], ["ON", "mousemat"], ["ON", "nightstand"], ["ON", "oventray"], ["ON", "radio"], ["ON", "sofa"], ["ON", "stove"]], "condimentbottle": [["INSIDE", "kitchencabinet"], ["INSIDE", "kitchencounterdrawer"], ["INSIDE", "cabinet"], ["INSIDE", "fridge"], ["INSIDE", "dishwasher"], ["INSIDE", "microwave"], ["ON", "bathroomcabinet"], ["ON", "bathroomcounter"], ["ON", "bed"], ["ON", "bookshelf"], ["ON", "coffeetable"], ["ON", "desk"], ["ON", "floor"], ["ON", "fryingpan"], ["ON", "kitchencounter"], ["ON", "kitchentable"], ["ON", "mousemat"], ["ON", "nightstand"], ["ON", "oventray"], ["ON", "radio"], ["ON", "sofa"], ["ON", "stove"]], "condimentshaker": [["INSIDE", "kitchencabinet"], ["INSIDE", "kitchencounterdrawer"], ["INSIDE", "cabinet"], ["INSIDE", "fridge"], ["INSIDE", "dishwasher"], ["INSIDE", "microwave"], ["ON", "bathroomcabinet"], ["ON", "bathroomcounter"], ["ON", "bed"], ["ON", "bookshelf"], ["ON", "chair"], ["ON", "coffeetable"], ["ON", "desk"], ["ON", "floor"], ["ON", "fryingpan"], ["ON", "kitchencounter"], ["ON", "kitchentable"], ["ON", "mousemat"], ["ON", "nightstand"], ["ON", "oventray"], ["ON", "radio"], ["ON", "sofa"], ["ON", "stove"]], "cookingpot": [["INSIDE", "kitchencabinet"], ["INSIDE", "kitchencounterdrawer"], ["INSIDE", "cabinet"], ["INSIDE", "fridge"], ["INSIDE", "dishwasher"], ["INSIDE", "microwave"], ["ON", "bathroomcounter"], ["ON", "bed"], ["ON", "bookshelf"], ["ON", "coffeetable"], ["ON", "desk"], ["ON", "floor"], ["ON", "fryingpan"], ["ON", "kitchencounter"], ["ON", "kitchentable"], ["ON", "mousemat"], ["ON", "nightstand"], ["ON", "oventray"], ["ON", "radio"], ["ON", "sofa"], ["ON", "stove"]], "crackers": [["INSIDE", "kitchencabinet"], ["INSIDE", "kitchencounterdrawer"], ["INSIDE", "cabinet"], ["INSIDE", "fridge"], ["INSIDE", "dishwasher"], ["INSIDE", "microwave"], ["ON", "bathroomcabinet"], ["ON", "bathroomcounter"], ["ON", "bed"], ["ON", "bookshelf"], ["ON", "coffeetable"], ["ON", "desk"], ["ON", "floor"], ["ON", "fryingpan"], ["ON", "kitchencounter"], ["ON", "kitchentable"], ["ON", "mousemat"], ["ON", "nightstand"], ["ON", "oventray"], ["ON", "radio"], ["ON", "sofa"], ["ON", "stove"]], "crayons": [["INSIDE", "kitchencabinet"], ["INSIDE", "kitchencounterdrawer"], ["INSIDE", "cabinet"], ["INSIDE", "fridge"], ["INSIDE", "dishwasher"], ["INSIDE", "microwave"], ["ON", "bathroomcabinet"], ["ON", "bathroomcounter"], ["ON", "bed"], ["ON", "bookshelf"], ["ON", "chair"], ["ON", "coffeetable"], ["ON", "desk"], ["ON", "floor"], ["ON", "fryingpan"], ["ON", "kitchencounter"], ["ON", "kitchentable"], ["ON", "mousemat"], ["ON", "nightstand"], ["ON", "oventray"], ["ON", "radio"], ["ON", "sofa"], ["ON", "stove"]], "creamybuns": [["INSIDE", "kitchencabinet"], ["INSIDE", "kitchencounterdrawer"], ["INSIDE", "cabinet"], ["INSIDE", "fridge"], ["INSIDE", "dishwasher"], ["INSIDE", "microwave"], ["ON", "bathroomcounter"], ["ON", "bed"], ["ON", "bookshelf"], ["ON", "chair"], ["ON", "coffeetable"], ["ON", "desk"], ["ON", "floor"], ["ON", "fryingpan"], ["ON", "kitchencounter"], ["ON", "kitchentable"], ["ON", "mousemat"], ["ON", "nightstand"], ["ON", "oventray"], ["ON", "radio"], ["ON", "sofa"], ["ON", "stove"]], "cupcake": [["INSIDE", "kitchencabinet"], ["INSIDE", "kitchencounterdrawer"], ["INSIDE", "cabinet"], ["INSIDE", "fridge"], ["INSIDE", "dishwasher"], ["INSIDE", "microwave"], ["ON", "bathroomcabinet"], ["ON", "bathroomcounter"], ["ON", "bed"], ["ON", "bookshelf"], ["ON", "chair"], ["ON", "coffeetable"], ["ON", "desk"], ["ON", "floor"], ["ON", "fryingpan"], ["ON", "kitchencounter"], ["ON", "kitchentable"], ["ON", "mousemat"], ["ON", "nightstand"], ["ON", "oventray"], ["ON", "radio"], ["ON", "sofa"], ["ON", "stove"]], "cutleryfork": [["INSIDE", "kitchencabinet"], ["INSIDE", "kitchencounterdrawer"], ["INSIDE", "cabinet"], ["INSIDE", "fridge"], ["INSIDE", "dishwasher"], ["INSIDE", "microwave"], ["ON", "bookshelf"], ["ON", "bathroomcabinet"], ["ON", "bathroomcounter"], ["ON", "bed"], ["ON", "chair"], ["ON", "coffeetable"], ["ON", "desk"], ["ON", "floor"], ["ON", "fryingpan"], ["ON", "kitchencounter"], ["ON", "kitchentable"], ["ON", "mousemat"], ["ON", "nightstand"], ["ON", "oventray"], ["ON", "radio"], ["ON", "sofa"], ["ON", "stove"]], "cutleryknife": [["INSIDE", "kitchencabinet"], ["INSIDE", "kitchencounterdrawer"], ["INSIDE", "cabinet"], ["INSIDE", "fridge"], ["INSIDE", "dishwasher"], ["INSIDE", "microwave"], ["ON", "bathroomcabinet"], ["ON", "bathroomcounter"], ["ON", "bed"], ["ON", "bookshelf"], ["ON", "coffeetable"], ["ON", "desk"], ["ON", "floor"], ["ON", "fryingpan"], ["ON", "kitchencounter"], ["ON", "kitchentable"], ["ON", "mousemat"], ["ON", "nightstand"], ["ON", "oventray"], ["ON", "radio"], ["ON", "sofa"], ["ON", "stove"]], "cutlets": [["INSIDE", "kitchencabinet"], ["INSIDE", "kitchencounterdrawer"], ["INSIDE", "cabinet"], ["INSIDE", "fridge"], ["INSIDE", "dishwasher"], ["INSIDE", "microwave"], ["ON", "bathroomcounter"], ["ON", "bed"], ["ON", "bookshelf"], ["ON", "coffeetable"], ["ON", "desk"], ["ON", "floor"], ["ON", "fryingpan"], ["ON", "kitchencounter"], ["ON", "mousemat"], ["ON", "nightstand"], ["ON", "oventray"], ["ON", "radio"], ["ON", "sofa"], ["ON", "stove"]], "cuttingboard": [["INSIDE", "kitchencabinet"], ["INSIDE", "kitchencounterdrawer"], ["INSIDE", "cabinet"], ["INSIDE", "fridge"], ["INSIDE", "dishwasher"], ["INSIDE", "microwave"], ["ON", "bathroomcounter"], ["ON", "bed"], ["ON", "bookshelf"], ["ON", "coffeetable"], ["ON", "desk"], ["ON", "floor"], ["ON", "fryingpan"], ["ON", "kitchencounter"], ["ON", "kitchentable"], ["ON", "nightstand"], ["ON", "oventray"], ["ON", "radio"], ["ON", "sofa"], ["ON", "stove"]], "dishbowl": [["INSIDE", "kitchencabinet"], ["INSIDE", "kitchencounterdrawer"], ["INSIDE", "cabinet"], ["INSIDE", "fridge"], ["INSIDE", "dishwasher"], ["INSIDE", "microwave"], ["ON", "bathroomcounter"], ["ON", "bed"], ["ON", "bookshelf"], ["ON", "chair"], ["ON", "coffeetable"], ["ON", "desk"], ["ON", "floor"], ["ON", "fryingpan"], ["ON", "kitchencounter"], ["ON", "kitchentable"], ["ON", "mousemat"], ["ON", "nightstand"], ["ON", "oventray"], ["ON", "radio"], ["ON", "sofa"], ["ON", "stove"]], "dishwashingliquid": [["INSIDE", "kitchencabinet"], ["INSIDE", "kitchencounterdrawer"], ["INSIDE", "cabinet"], ["INSIDE", "fridge"], ["INSIDE", "dishwasher"], ["INSIDE", "microwave"], ["ON", "bathroomcounter"], ["ON", "bed"], ["ON", "bookshelf"], ["ON", "chair"], ["ON", "coffeetable"], ["ON", "desk"], ["ON", "floor"], ["ON", "fryingpan"], ["ON", "kitchencounter"], ["ON", "kitchentable"], ["ON", "mousemat"], ["ON", "nightstand"], ["ON", "radio"], ["ON", "sofa"], ["ON", "stove"]], "facecream": [["INSIDE", "kitchencabinet"], ["INSIDE", "kitchencounterdrawer"], ["INSIDE", "cabinet"], ["INSIDE", "fridge"], ["INSIDE", "dishwasher"], ["INSIDE", "microwave"], ["ON", "bathroomcabinet"], ["ON", "bathroomcounter"], ["ON", "bed"], ["ON", "bookshelf"], ["ON", "chair"], ["ON", "coffeetable"], ["ON", "desk"], ["ON", "floor"], ["ON", "fryingpan"], ["ON", "kitchencounter"], ["ON", "kitchentable"], ["ON", "mousemat"], ["ON", "nightstand"], ["ON", "oventray"], ["ON", "radio"], ["ON", "sofa"], ["ON", "stove"]], "folder": [["INSIDE", "kitchencabinet"], ["INSIDE", "kitchencounterdrawer"], ["INSIDE", "cabinet"], ["INSIDE", "fridge"], ["INSIDE", "dishwasher"], ["INSIDE", "microwave"], ["ON", "bathroomcabinet"], ["ON", "bathroomcounter"], ["ON", "bed"], ["ON", "bookshelf"], ["ON", "coffeetable"], ["ON", "desk"], ["ON", "floor"], ["ON", "kitchencounter"], ["ON", "kitchentable"], ["ON", "nightstand"], ["ON", "oventray"], ["ON", "radio"], ["ON", "sofa"], ["ON", "stove"]], "fryingpan": [["INSIDE", "kitchencabinet"], ["INSIDE", "kitchencounterdrawer"], ["INSIDE", "cabinet"], ["INSIDE", "fridge"], ["INSIDE", "dishwasher"], ["ON", "bathroomcounter"], ["ON", "bed"], ["ON", "bookshelf"], ["ON", "coffeetable"], ["ON", "desk"], ["ON", "floor"], ["ON", "fryingpan"], ["ON", "kitchencounter"], ["ON", "oventray"], ["ON", "radio"], ["ON", "sofa"]], "glasses": [["INSIDE", "kitchencabinet"], ["INSIDE", "kitchencounterdrawer"], ["INSIDE", "cabinet"], ["INSIDE", "fridge"], ["INSIDE", "dishwasher"], ["INSIDE", "microwave"], ["ON", "bathroomcabinet"], ["ON", "bathroomcounter"], ["ON", "bed"], ["ON", "bookshelf"], ["ON", "chair"], ["ON", "coffeetable"], ["ON", "desk"], ["ON", "floor"], ["ON", "fryingpan"], ["ON", "kitchencounter"], ["ON", "kitchentable"], ["ON", "nightstand"], ["ON", "oventray"], ["ON", "radio"], ["ON", "sofa"], ["ON", "stove"]], "globe": [["INSIDE", "kitchencabinet"], ["INSIDE", "cabinet"], ["INSIDE", "fridge"], ["INSIDE", "dishwasher"], ["ON", "bathroomcounter"], ["ON", "bed"], ["ON", "coffeetable"], ["ON", "desk"], ["ON", "floor"], ["ON", "fryingpan"], ["ON", "kitchencounter"], ["ON", "kitchentable"], ["ON", "nightstand"], ["ON", "radio"], ["ON", "sofa"], ["ON", "stove"]], "hairproduct": [["INSIDE", "kitchencabinet"], ["INSIDE", "kitchencounterdrawer"], ["INSIDE", "cabinet"], ["INSIDE", "fridge"], ["INSIDE", "dishwasher"], ["INSIDE", "microwave"], ["ON", "bathroomcabinet"], ["ON", "bathroomcounter"], ["ON", "bed"], ["ON", "bookshelf"], ["ON", "chair"], ["ON", "coffeetable"], ["ON", "desk"], ["ON", "floor"], ["ON", "fryingpan"], ["ON", "kitchencounter"], ["ON", "kitchentable"], ["ON", "mousemat"], ["ON", "nightstand"], ["ON", "oventray"], ["ON", "radio"], ["ON", "sofa"], ["ON", "stove"]], "hanger": [["INSIDE", "kitchencabinet"], ["INSIDE", "kitchencounterdrawer"], ["INSIDE", "cabinet"], ["INSIDE", "fridge"], ["INSIDE", "dishwasher"], ["INSIDE", "microwave"], ["ON", "bathroomcabinet"], ["ON", "bathroomcounter"], ["ON", "bed"], ["ON", "bookshelf"], ["ON", "coffeetable"], ["ON", "desk"], ["ON", "floor"], ["ON", "fryingpan"], ["ON", "kitchencounter"], ["ON", "kitchentable"], ["ON", "mousemat"], ["ON", "nightstand"], ["ON", "radio"], ["ON", "sofa"], ["ON", "stove"]], "juice": [["INSIDE", "kitchencabinet"], ["INSIDE", "kitchencounterdrawer"], ["INSIDE", "cabinet"], ["INSIDE", "fridge"], ["INSIDE", "dishwasher"], ["INSIDE", "microwave"], ["ON", "bathroomcabinet"], ["ON", "bathroomcounter"], ["ON", "bed"], ["ON", "bookshelf"], ["ON", "chair"], ["ON", "coffeetable"], ["ON", "desk"], ["ON", "floor"], ["ON", "fryingpan"], ["ON", "kitchencounter"], ["ON", "kitchentable"], ["ON", "mousemat"], ["ON", "nightstand"], ["ON", "oventray"], ["ON", "radio"], ["ON", "sofa"], ["ON", "stove"]], "keyboard": [["INSIDE", "kitchencabinet"], ["INSIDE", "kitchencounterdrawer"], ["INSIDE", "cabinet"], ["INSIDE", "fridge"], ["INSIDE", "dishwasher"], ["ON", "bathroomcounter"], ["ON", "bed"], ["ON", "coffeetable"], ["ON", "desk"], ["ON", "floor"], ["ON", "kitchencounter"], ["ON", "nightstand"], ["ON", "oventray"], ["ON", "radio"], ["ON", "sofa"]], "lime": [["INSIDE", "kitchencabinet"], ["INSIDE", "kitchencounterdrawer"], ["INSIDE", "cabinet"], ["INSIDE", "fridge"], ["INSIDE", "dishwasher"], ["INSIDE", "microwave"], ["ON", "bathroomcabinet"], ["ON", "bathroomcounter"], ["ON", "bed"], ["ON", "bookshelf"], ["ON", "chair"], ["ON", "coffeetable"], ["ON", "desk"], ["ON", "floor"], ["ON", "fryingpan"], ["ON", "kitchencounter"], ["ON", "kitchentable"], ["ON", "mousemat"], ["ON", "nightstand"], ["ON", "oventray"], ["ON", "radio"], ["ON", "sofa"], ["ON", "stove"]], "lotionbottle": [["INSIDE", "kitchencabinet"], ["INSIDE", "kitchencounterdrawer"], ["INSIDE", "cabinet"], ["INSIDE", "fridge"], ["INSIDE", "dishwasher"], ["INSIDE", "microwave"], ["ON", "bathroomcabinet"], ["ON", "bathroomcounter"], ["ON", "bed"], ["ON", "bookshelf"], ["ON", "chair"], ["ON", "coffeetable"], ["ON", "desk"], ["ON", "floor"], ["ON", "kitchencounter"], ["ON", "kitchentable"], ["ON", "nightstand"], ["ON", "oventray"], ["ON", "radio"], ["ON", "sofa"], ["ON", "stove"]], "magazine": [["INSIDE", "kitchencabinet"], ["INSIDE", "kitchencounterdrawer"], ["INSIDE", "cabinet"], ["INSIDE", "fridge"], ["INSIDE", "dishwasher"], ["INSIDE", "microwave"], ["ON", "bathroomcounter"], ["ON", "bed"], ["ON", "bookshelf"], ["ON", "coffeetable"], ["ON", "desk"], ["ON", "floor"], ["ON", "fryingpan"], ["ON", "kitchencounter"], ["ON", "kitchentable"], ["ON", "mousemat"], ["ON", "nightstand"], ["ON", "oventray"], ["ON", "radio"], ["ON", "sofa"], ["ON", "stove"]], "milk": [["INSIDE", "kitchencabinet"], ["INSIDE", "kitchencounterdrawer"], ["INSIDE", "cabinet"], ["INSIDE", "fridge"], ["INSIDE", "dishwasher"], ["INSIDE", "microwave"], ["ON", "bathroomcabinet"], ["ON", "bathroomcounter"], ["ON", "bed"], ["ON", "bookshelf"], ["ON", "chair"], ["ON", "coffeetable"], ["ON", "desk"], ["ON", "floor"], ["ON", "fryingpan"], ["ON", "kitchencounter"], ["ON", "kitchentable"], ["ON", "mousemat"], ["ON", "nightstand"], ["ON", "oventray"], ["ON", "radio"], ["ON", "sofa"], ["ON", "stove"]], "milkshake": [["INSIDE", "kitchencabinet"], ["INSIDE", "kitchencounterdrawer"], ["INSIDE", "cabinet"], ["INSIDE", "fridge"], ["INSIDE", "dishwasher"], ["INSIDE", "microwave"], ["ON", "bathroomcounter"], ["ON", "bed"], ["ON", "bookshelf"], ["ON", "coffeetable"], ["ON", "desk"], ["ON", "floor"], ["ON", "fryingpan"], ["ON", "kitchencounter"], ["ON", "kitchentable"], ["ON", "mousemat"], ["ON", "nightstand"], ["ON", "radio"], ["ON", "sofa"], ["ON", "stove"]], "mincedmeat": [["INSIDE", "kitchencabinet"], ["INSIDE", "kitchencounterdrawer"], ["INSIDE", "cabinet"], ["INSIDE", "fridge"], ["INSIDE", "dishwasher"], ["INSIDE", "microwave"], ["ON", "bathroomcounter"], ["ON", "bed"], ["ON", "bookshelf"], ["ON", "coffeetable"], ["ON", "desk"], ["ON", "floor"], ["ON", "fryingpan"], ["ON", "kitchencounter"], ["ON", "kitchentable"], ["ON", "mousemat"], ["ON", "nightstand"], ["ON", "oventray"], ["ON", "radio"], ["ON", "sofa"], ["ON", "stove"]], "mouse": [["INSIDE", "kitchencabinet"], ["INSIDE", "kitchencounterdrawer"], ["INSIDE", "cabinet"], ["INSIDE", "fridge"], ["INSIDE", "dishwasher"], ["INSIDE", "microwave"], ["ON", "bathroomcabinet"], ["ON", "bathroomcounter"], ["ON", "bed"], ["ON", "bookshelf"], ["ON", "coffeetable"], ["ON", "desk"], ["ON", "floor"], ["ON", "fryingpan"], ["ON", "kitchencounter"], ["ON", "kitchentable"], ["ON", "mousemat"], ["ON", "nightstand"], ["ON", "oventray"], ["ON", "radio"], ["ON", "sofa"], ["ON", "stove"]], "mug": [["INSIDE", "kitchencabinet"], ["INSIDE", "kitchencounterdrawer"], ["INSIDE", "cabinet"], ["INSIDE", "fridge"], ["INSIDE", "dishwasher"], ["INSIDE", "microwave"], ["ON", "bathroomcabinet"], ["ON", "bathroomcounter"], ["ON", "bed"], ["ON", "bookshelf"], ["ON", "chair"], ["ON", "coffeetable"], ["ON", "desk"], ["ON", "floor"], ["ON", "fryingpan"], ["ON", "kitchencounter"], ["ON", "kitchentable"], ["ON", "mousemat"], ["ON", "nightstand"], ["ON", "oventray"], ["ON", "radio"], ["ON", "sofa"], ["ON", "stove"]], "notes": [["INSIDE", "kitchencabinet"], ["INSIDE", "kitchencounterdrawer"], ["INSIDE", "cabinet"], ["INSIDE", "fridge"], ["INSIDE", "dishwasher"], ["INSIDE", "microwave"], ["ON", "bathroomcabinet"], ["ON", "bathroomcounter"], ["ON", "bed"], ["ON", "bookshelf"], ["ON", "coffeetable"], ["ON", "desk"], ["ON", "floor"], ["ON", "fryingpan"], ["ON", "kitchencounter"], ["ON", "kitchentable"], ["ON", "mousemat"], ["ON", "nightstand"], ["ON", "oventray"], ["ON", "radio"], ["ON", "sofa"], ["ON", "stove"]], "oventray": [["INSIDE", "kitchencabinet"], ["INSIDE", "kitchencounterdrawer"], ["INSIDE", "cabinet"], ["INSIDE", "fridge"], ["INSIDE", "dishwasher"], ["ON", "bed"], ["ON", "coffeetable"], ["ON", "floor"], ["ON", "radio"], ["ON", "sofa"]], "pancake": [["INSIDE", "kitchencabinet"], ["INSIDE", "kitchencounterdrawer"], ["INSIDE", "cabinet"], ["INSIDE", "fridge"], ["INSIDE", "dishwasher"], ["INSIDE", "microwave"], ["ON", "bathroomcounter"], ["ON", "bed"], ["ON", "bookshelf"], ["ON", "coffeetable"], ["ON", "desk"], ["ON", "floor"], ["ON", "fryingpan"], ["ON", "kitchencounter"], ["ON", "kitchentable"], ["ON", "mousemat"], ["ON", "nightstand"], ["ON", "oventray"], ["ON", "radio"], ["ON", "sofa"], ["ON", "stove"]], "paper": [["INSIDE", "kitchencabinet"], ["INSIDE", "kitchencounterdrawer"], ["INSIDE", "cabinet"], ["INSIDE", "fridge"], ["INSIDE", "dishwasher"], ["INSIDE", "microwave"], ["ON", "bathroomcabinet"], ["ON", "bathroomcounter"], ["ON", "bed"], ["ON", "bookshelf"], ["ON", "coffeetable"], ["ON", "desk"], ["ON", "floor"], ["ON", "fryingpan"], ["ON", "kitchencounter"], ["ON", "kitchentable"], ["ON", "mousemat"], ["ON", "nightstand"], ["ON", "oventray"], ["ON", "radio"], ["ON", "sofa"], ["ON", "stove"]], "pear": [["INSIDE", "kitchencabinet"], ["INSIDE", "kitchencounterdrawer"], ["INSIDE", "cabinet"], ["INSIDE", "fridge"], ["INSIDE", "dishwasher"], ["INSIDE", "microwave"], ["ON", "bathroomcabinet"], ["ON", "bathroomcounter"], ["ON", "bed"], ["ON", "bookshelf"], ["ON", "chair"], ["ON", "coffeetable"], ["ON", "desk"], ["ON", "floor"], ["ON", "fryingpan"], ["ON", "kitchencounter"], ["ON", "kitchentable"], ["ON", "mousemat"], ["ON", "nightstand"], ["ON", "oventray"], ["ON", "radio"], ["ON", "sofa"], ["ON", "stove"]], "pie": [["INSIDE", "kitchencabinet"], ["INSIDE", "kitchencounterdrawer"], ["INSIDE", "cabinet"], ["INSIDE", "fridge"], ["INSIDE", "dishwasher"], ["INSIDE", "microwave"], ["ON", "bathroomcounter"], ["ON", "bed"], ["ON", "bookshelf"], ["ON", "coffeetable"], ["ON", "desk"], ["ON", "floor"], ["ON", "fryingpan"], ["ON", "kitchencounter"], ["ON", "nightstand"], ["ON", "oventray"], ["ON", "radio"], ["ON", "sofa"], ["ON", "stove"]], "pillow": [["INSIDE", "kitchencabinet"], ["INSIDE", "kitchencounterdrawer"], ["INSIDE", "cabinet"], ["INSIDE", "fridge"], ["INSIDE", "dishwasher"], ["ON", "bed"], ["ON", "desk"], ["ON", "floor"], ["ON", "kitchencounter"], ["ON", "radio"], ["ON", "sofa"]], "plate": [["INSIDE", "kitchencabinet"], ["INSIDE", "kitchencounterdrawer"], ["INSIDE", "cabinet"], ["INSIDE", "fridge"], ["INSIDE", "dishwasher"], ["INSIDE", "microwave"], ["ON", "bathroomcounter"], ["ON", "bed"], ["ON", "bookshelf"], ["ON", "coffeetable"], ["ON", "desk"], ["ON", "floor"], ["ON", "fryingpan"], ["ON", "kitchencounter"], ["ON", "nightstand"], ["ON", "oventray"], ["ON", "radio"], ["ON", "sofa"], ["ON", "stove"]], "plum": [["INSIDE", "kitchencabinet"], ["INSIDE", "kitchencounterdrawer"], ["INSIDE", "cabinet"], ["INSIDE", "fridge"], ["INSIDE", "dishwasher"], ["INSIDE", "microwave"], ["ON", "bathroomcabinet"], ["ON", "bathroomcounter"], ["ON", "bed"], ["ON", "bookshelf"], ["ON", "chair"], ["ON", "coffeetable"], ["ON", "desk"], ["ON", "floor"], ["ON", "fryingpan"], ["ON", "kitchencounter"], ["ON", "kitchentable"], ["ON", "mousemat"], ["ON", "nightstand"], ["ON", "oventray"], ["ON", "radio"], ["ON", "sofa"], ["ON", "stove"]], "poundcake": [["INSIDE", "kitchencabinet"], ["INSIDE", "kitchencounterdrawer"], ["INSIDE", "cabinet"], ["INSIDE", "fridge"], ["INSIDE", "dishwasher"], ["INSIDE", "microwave"], ["ON", "bathroomcounter"], ["ON", "bed"], ["ON", "bookshelf"], ["ON", "coffeetable"], ["ON", "desk"], ["ON", "floor"], ["ON", "fryingpan"], ["ON", "kitchencounter"], ["ON", "kitchentable"], ["ON", "nightstand"], ["ON", "oventray"], ["ON", "radio"], ["ON", "sofa"], ["ON", "stove"]], "pudding": [["INSIDE", "kitchencabinet"], ["INSIDE", "kitchencounterdrawer"], ["INSIDE", "cabinet"], ["INSIDE", "fridge"], ["INSIDE", "dishwasher"], ["INSIDE", "microwave"], ["ON", "bathroomcounter"], ["ON", "bed"], ["ON", "bookshelf"], ["ON", "coffeetable"], ["ON", "desk"], ["ON", "floor"], ["ON", "fryingpan"], ["ON", "kitchencounter"], ["ON", "kitchentable"], ["ON", "mousemat"], ["ON", "nightstand"], ["ON", "oventray"], ["ON", "radio"], ["ON", "sofa"], ["ON", "stove"]], "radio": [["INSIDE", "kitchencabinet"], ["INSIDE", "kitchencounterdrawer"], ["INSIDE", "cabinet"], ["INSIDE", "fridge"], ["INSIDE", "dishwasher"], ["INSIDE", "microwave"], ["ON", "bathroomcounter"], ["ON", "bed"], ["ON", "bookshelf"], ["ON", "coffeetable"], ["ON", "desk"], ["ON", "floor"], ["ON", "fryingpan"], ["ON", "kitchencounter"], ["ON", "kitchentable"], ["ON", "mousemat"], ["ON", "nightstand"], ["ON", "oventray"], ["ON", "radio"], ["ON", "sofa"], ["ON", "stove"]], "remotecontrol": [["INSIDE", "kitchencabinet"], ["INSIDE", "kitchencounterdrawer"], ["INSIDE", "cabinet"], ["INSIDE", "fridge"], ["INSIDE", "dishwasher"], ["INSIDE", "microwave"], ["ON", "bathroomcabinet"], ["ON", "bathroomcounter"], ["ON", "bed"], ["ON", "bookshelf"], ["ON", "chair"], ["ON", "coffeetable"], ["ON", "desk"], ["ON", "floor"], ["ON", "fryingpan"], ["ON", "kitchencounter"], ["ON", "kitchentable"], ["ON", "mousemat"], ["ON", "nightstand"], ["ON", "oventray"], ["ON", "radio"], ["ON", "sofa"], ["ON", "stove"]], "rug": [["ON", "bed"], ["ON", "floor"]], "salad": [["INSIDE", "kitchencabinet"], ["INSIDE", "kitchencounterdrawer"], ["INSIDE", "cabinet"], ["INSIDE", "fridge"], ["INSIDE", "dishwasher"], ["INSIDE", "microwave"], ["ON", "bathroomcounter"], ["ON", "bed"], ["ON", "bookshelf"], ["ON", "coffeetable"], ["ON", "desk"], ["ON", "floor"], ["ON", "fryingpan"], ["ON", "kitchencounter"], ["ON", "nightstand"], ["ON", "oventray"], ["ON", "radio"], ["ON", "sofa"], ["ON", "stove"]], "salmon": [["INSIDE", "kitchencabinet"], ["INSIDE", "kitchencounterdrawer"], ["INSIDE", "cabinet"], ["INSIDE", "fridge"], ["INSIDE", "dishwasher"], ["INSIDE", "microwave"], ["ON", "bathroomcounter"], ["ON", "bed"], ["ON", "bookshelf"], ["ON", "coffeetable"], ["ON", "desk"], ["ON", "floor"], ["ON", "fryingpan"], ["ON", "kitchencounter"], ["ON", "kitchentable"], ["ON", "mousemat"], ["ON", "nightstand"], ["ON", "oventray"], ["ON", "radio"], ["ON", "sofa"], ["ON", "stove"]], "slippers": [["INSIDE", "kitchencabinet"], ["INSIDE", "kitchencounterdrawer"], ["INSIDE", "cabinet"], ["INSIDE", "fridge"], ["INSIDE", "dishwasher"], ["ON", "bathroomcounter"], ["ON", "bed"], ["ON", "bookshelf"], ["ON", "coffeetable"], ["ON", "desk"], ["ON", "floor"], ["ON", "fryingpan"], ["ON", "kitchencounter"], ["ON", "oventray"], ["ON", "radio"], ["ON", "sofa"]], "sportsball": [["INSIDE", "kitchencabinet"], ["INSIDE", "kitchencounterdrawer"], ["INSIDE", "cabinet"], ["INSIDE", "fridge"], ["INSIDE", "dishwasher"], ["INSIDE", "microwave"], ["ON", "bathroomcabinet"], ["ON", "bathroomcounter"], ["ON", "bed"], ["ON", "bookshelf"], ["ON", "chair"], ["ON", "coffeetable"], ["ON", "desk"], ["ON", "floor"], ["ON", "fryingpan"], ["ON", "kitchencounter"], ["ON", "kitchentable"], ["ON", "mousemat"], ["ON", "nightstand"], ["ON", "oventray"], ["ON", "radio"], ["ON", "sofa"], ["ON", "stove"]], "sundae": [["INSIDE", "kitchencabinet"], ["INSIDE", "kitchencounterdrawer"], ["INSIDE", "cabinet"], ["INSIDE", "fridge"], ["INSIDE", "dishwasher"], ["INSIDE", "microwave"], ["ON", "bathroomcabinet"], ["ON", "bathroomcounter"], ["ON", "bed"], ["ON", "bookshelf"], ["ON", "coffeetable"], ["ON", "desk"], ["ON", "floor"], ["ON", "fryingpan"], ["ON", "kitchencounter"], ["ON", "kitchentable"], ["ON", "mousemat"], ["ON", "nightstand"], ["ON", "radio"], ["ON", "sofa"], ["ON", "stove"]], "teddybear": [["INSIDE", "kitchencabinet"], ["INSIDE", "cabinet"], ["INSIDE", "fridge"], ["INSIDE", "dishwasher"], ["ON", "bathroomcounter"], ["ON", "bed"], ["ON", "bookshelf"], ["ON", "coffeetable"], ["ON", "desk"], ["ON", "floor"], ["ON", "kitchencounter"], ["ON", "kitchentable"], ["ON", "nightstand"], ["ON", "oventray"], ["ON", "radio"], ["ON", "sofa"], ["ON", "stove"]], "toiletpaper": [["INSIDE", "kitchencounterdrawer"], ["INSIDE", "cabinet"], ["INSIDE", "fridge"], ["INSIDE", "dishwasher"], ["INSIDE", "microwave"], ["ON", "bathroomcounter"], ["ON", "bed"], ["ON", "coffeetable"], ["ON", "desk"], ["ON", "floor"], ["ON", "fryingpan"], ["ON", "kitchencounter"], ["ON", "kitchentable"], ["ON", "mousemat"], ["ON", "nightstand"], ["ON", "oventray"], ["ON", "radio"], ["ON", "sofa"], ["ON", "stove"]], "toothbrush": [["INSIDE", "kitchencabinet"], ["INSIDE", "kitchencounterdrawer"], ["INSIDE", "cabinet"], ["INSIDE", "fridge"], ["INSIDE", "dishwasher"], ["INSIDE", "microwave"], ["ON", "bathroomcounter"], ["ON", "bed"], ["ON", "bookshelf"], ["ON", "chair"], ["ON", "coffeetable"], ["ON", "desk"], ["ON", "floor"], ["ON", "fryingpan"], ["ON", "kitchencounter"], ["ON", "kitchentable"], ["ON", "nightstand"], ["ON", "oventray"], ["ON", "radio"], ["ON", "sofa"], ["ON", "stove"]], "toothpaste": [["INSIDE", "kitchencabinet"], ["INSIDE", "kitchencounterdrawer"], ["INSIDE", "cabinet"], ["INSIDE", "fridge"], ["INSIDE", "dishwasher"], ["INSIDE", "microwave"], ["ON", "bathroomcounter"], ["ON", "bed"], ["ON", "bookshelf"], ["ON", "chair"], ["ON", "coffeetable"], ["ON", "desk"], ["ON", "floor"], ["ON", "fryingpan"], ["ON", "kitchencounter"], ["ON", "kitchentable"], ["ON", "mousemat"], ["ON", "nightstand"], ["ON", "oventray"], ["ON", "radio"], ["ON", "sofa"], ["ON", "stove"]], "towel": [["INSIDE", "kitchencabinet"], ["INSIDE", "cabinet"], ["INSIDE", "fridge"], ["INSIDE", "dishwasher"], ["ON", "bathroomcounter"], ["ON", "bed"], ["ON", "bookshelf"], ["ON", "desk"], ["ON", "floor"], ["ON", "kitchencounter"], ["ON", "kitchentable"], ["ON", "nightstand"], ["ON", "radio"], ["ON", "sofa"], ["ON", "stove"]], "towelrack": [["INSIDE", "kitchencounterdrawer"], ["INSIDE", "cabinet"], ["INSIDE", "fridge"], ["INSIDE", "dishwasher"], ["INSIDE", "microwave"], ["ON", "bathroomcounter"], ["ON", "bed"], ["ON", "coffeetable"], ["ON", "desk"], ["ON", "floor"], ["ON", "fryingpan"], ["ON", "kitchencounter"], ["ON", "kitchentable"], ["ON", "mousemat"], ["ON", "nightstand"], ["ON", "oventray"], ["ON", "radio"], ["ON", "sofa"], ["ON", "stove"]], "toy": [["INSIDE", "kitchencabinet"], ["INSIDE", "kitchencounterdrawer"], ["INSIDE", "cabinet"], ["INSIDE", "fridge"], ["INSIDE", "dishwasher"], ["INSIDE", "microwave"], ["ON", "bathroomcabinet"], ["ON", "bathroomcounter"], ["ON", "bed"], ["ON", "bookshelf"], ["ON", "chair"], ["ON", "coffeetable"], ["ON", "desk"], ["ON", "floor"], ["ON", "fryingpan"], ["ON", "kitchencounter"], ["ON", "kitchentable"], ["ON", "mousemat"], ["ON", "nightstand"], ["ON", "oventray"], ["ON", "radio"], ["ON", "sofa"], ["ON", "stove"]], "wallphone": [["INSIDE", "kitchencabinet"], ["INSIDE", "kitchencounterdrawer"], ["INSIDE", "cabinet"], ["INSIDE", "fridge"], ["INSIDE", "dishwasher"], ["INSIDE", "microwave"], ["ON", "bathroomcabinet"], ["ON", "bathroomcounter"], ["ON", "bed"], ["ON", "bookshelf"], ["ON", "chair"], ["ON", "coffeetable"], ["ON", "desk"], ["ON", "floor"], ["ON", "kitchencounter"], ["ON", "kitchentable"], ["ON", "nightstand"], ["ON", "oventray"], ["ON", "radio"], ["ON", "sofa"], ["ON", "stove"]], "wallpictureframe": [["INSIDE", "kitchencabinet"], ["INSIDE", "cabinet"], ["INSIDE", "fridge"], ["INSIDE", "dishwasher"], ["ON", "bathroomcabinet"], ["ON", "bathroomcounter"], ["ON", "bed"], ["ON", "bookshelf"], ["ON", "coffeetable"], ["ON", "desk"], ["ON", "floor"], ["ON", "kitchencounter"], ["ON", "kitchentable"], ["ON", "nightstand"], ["ON", "oventray"], ["ON", "radio"], ["ON", "sofa"], ["ON", "stove"]], "washingsponge": [["INSIDE", "kitchencabinet"], ["INSIDE", "kitchencounterdrawer"], ["INSIDE", "cabinet"], ["INSIDE", "fridge"], ["INSIDE", "dishwasher"], ["INSIDE", "microwave"], ["ON", "bathroomcabinet"], ["ON", "bathroomcounter"], ["ON", "bed"], ["ON", "bookshelf"], ["ON", "coffeetable"], ["ON", "desk"], ["ON", "floor"], ["ON", "fryingpan"], ["ON", "kitchencounter"], ["ON", "kitchentable"], ["ON", "mousemat"], ["ON", "nightstand"], ["ON", "oventray"], ["ON", "radio"], ["ON", "sofa"], ["ON", "stove"]], "waterglass": [["INSIDE", "kitchencabinet"], ["INSIDE", "kitchencounterdrawer"], ["INSIDE", "cabinet"], ["INSIDE", "fridge"], ["INSIDE", "dishwasher"], ["INSIDE", "microwave"], ["ON", "bathroomcabinet"], ["ON", "bathroomcounter"], ["ON", "bed"], ["ON", "bookshelf"], ["ON", "chair"], ["ON", "coffeetable"], ["ON", "desk"], ["ON", "floor"], ["ON", "fryingpan"], ["ON", "kitchencounter"], ["ON", "kitchentable"], ["ON", "mousemat"], ["ON", "nightstand"], ["ON", "oventray"], ["ON", "radio"], ["ON", "sofa"], ["ON", "stove"]], "whippedcream": [["INSIDE", "kitchencabinet"], ["INSIDE", "kitchencounterdrawer"], ["INSIDE", "cabinet"], ["INSIDE", "fridge"], ["INSIDE", "dishwasher"], ["INSIDE", "microwave"], ["ON", "bathroomcabinet"], ["ON", "bathroomcounter"], ["ON", "bed"], ["ON", "bookshelf"], ["ON", "coffeetable"], ["ON", "desk"], ["ON", "floor"], ["ON", "fryingpan"], ["ON", "kitchencounter"], ["ON", "kitchentable"], ["ON", "mousemat"], ["ON", "nightstand"], ["ON", "radio"], ["ON", "sofa"], ["ON", "stove"]], "wine": [["INSIDE", "kitchencabinet"], ["INSIDE", "cabinet"], ["INSIDE", "fridge"], ["INSIDE", "dishwasher"], ["ON", "bathroomcabinet"], ["ON", "bathroomcounter"], ["ON", "bed"], ["ON", "bookshelf"], ["ON", "chair"], ["ON", "coffeetable"], ["ON", "desk"], ["ON", "floor"], ["ON", "kitchencounter"], ["ON", "kitchentable"], ["ON", "nightstand"], ["ON", "oventray"], ["ON", "radio"], ["ON", "sofa"], ["ON", "stove"]], "wineglass": [["INSIDE", "kitchencabinet"], ["INSIDE", "kitchencounterdrawer"], ["INSIDE", "cabinet"], ["INSIDE", "fridge"], ["INSIDE", "dishwasher"], ["INSIDE", "microwave"], ["ON", "bathroomcabinet"], ["ON", "bathroomcounter"], ["ON", "bed"], ["ON", "bookshelf"], ["ON", "chair"], ["ON", "coffeetable"], ["ON", "desk"], ["ON", "floor"], ["ON", "fryingpan"], ["ON", "kitchencounter"], ["ON", "kitchentable"], ["ON", "mousemat"], ["ON", "nightstand"], ["ON", "oventray"], ["ON", "radio"], ["ON", "sofa"], ["ON", "stove"]]}