{"alcohol": [["INSIDE", "kitchencounterdrawer"], ["INSIDE", "cabinet"], ["INSIDE", "fridge"], ["ON", "bathroomcabinet"], ["ON", "bathroomcounter"], ["ON", "bed"], ["ON", "bench"], ["ON", "bookshelf"], ["ON", "chair"], ["ON", "coffeetable"], ["ON", "desk"], ["ON", "floor"], ["ON", "kitchencounter"], ["ON", "kitchentable"], ["ON", "nightstand"], ["ON", "oventray"], ["ON", "radio"], ["ON", "sofa"], ["ON", "stove"]], "apple": [["INSIDE", "kitchencounterdrawer"], ["INSIDE", "cabinet"], ["INSIDE", "fridge"], ["ON", "bathroomcabinet"], ["ON", "bathroomcounter"], ["ON", "bed"], ["ON", "bench"], ["ON", "bookshelf"], ["ON", "chair"], ["ON", "coffeetable"], ["ON", "cuttingboard"], ["ON", "desk"], ["ON", "floor"], ["ON", "fryingpan"], ["ON", "kitchencounter"], ["ON", "kitchentable"], ["ON", "mousemat"], ["ON", "nightstand"], ["ON", "oventray"], ["ON", "radio"], ["ON", "sofa"], ["ON", "stove"]], "bananas": [["INSIDE", "kitchencounterdrawer"], ["INSIDE", "cabinet"], ["INSIDE", "fridge"], ["ON", "bathroomcounter"], ["ON", "bed"], ["ON", "bookshelf"], ["ON", "chair"], ["ON", "coffeetable"], ["ON", "cuttingboard"], ["ON", "desk"], ["ON", "floor"], ["ON", "fryingpan"], ["ON", "kitchencounter"], ["ON", "kitchentable"], ["ON", "mousemat"], ["ON", "nightstand"], ["ON", "oventray"], ["ON", "radio"], ["ON", "sofa"], ["ON", "stove"]], "barsoap": [["INSIDE", "kitchencounterdrawer"], ["INSIDE", "cabinet"], ["INSIDE", "fridge"], ["ON", "bathroomcounter"], ["ON", "bed"], ["ON", "bookshelf"], ["ON", "chair"], ["ON", "coffeetable"], ["ON", "cuttingboard"], ["ON", "desk"], ["ON", "floor"], ["ON", "fryingpan"], ["ON", "kitchencounter"], ["ON", "kitchentable"], ["ON", "mousemat"], ["ON", "nightstand"], ["ON", "oventray"], ["ON", "radio"], ["ON", "sofa"], ["ON", "stove"]], "bellpepper": [["INSIDE", "kitchencounterdrawer"], ["INSIDE", "cabinet"], ["INSIDE", "fridge"], ["ON", "bathroomcounter"], ["ON", "bed"], ["ON", "bench"], ["ON", "bookshelf"], ["ON", "chair"], ["ON", "coffeetable"], ["ON", "cuttingboard"], ["ON", "desk"], ["ON", "floor"], ["ON", "fryingpan"], ["ON", "kitchencounter"], ["ON", "kitchentable"], ["ON", "mousemat"], ["ON", "nightstand"], ["ON", "oventray"], ["ON", "radio"], ["ON", "sofa"], ["ON", "stove"]], "boardgame": [["INSIDE", "kitchencounterdrawer"], ["INSIDE", "cabinet"], ["INSIDE", "fridge"], ["ON", "bathroomcounter"], ["ON", "bed"], ["ON", "bookshelf"], ["ON", "chair"], ["ON", "coffeetable"], ["ON", "desk"], ["ON", "floor"], ["ON", "fryingpan"], ["ON", "kitchencounter"], ["ON", "kitchentable"], ["ON", "nightstand"], ["ON", "oventray"], ["ON", "radio"], ["ON", "sofa"], ["ON", "stove"]], "book": [["INSIDE", "kitchencounterdrawer"], ["INSIDE", "cabinet"], ["INSIDE", "fridge"], ["ON", "bathroomcounter"], ["ON", "bed"], ["ON", "bench"], ["ON", "bookshelf"], ["ON", "chair"], ["ON", "coffeetable"], ["ON", "desk"], ["ON", "floor"], ["ON", "kitchencounter"], ["ON", "kitchentable"], ["ON", "nightstand"], ["ON", "oventray"], ["ON", "radio"], ["ON", "sofa"], ["ON", "stove"], ["ON", "towelrack"]], "box": [["INSIDE", "kitchencounterdrawer"], ["INSIDE", "cabinet"], ["INSIDE", "fridge"], ["ON", "bathroomcounter"], ["ON", "bed"], ["ON", "bench"], ["ON", "chair"], ["ON", "coffeetable"], ["ON", "desk"], ["ON", "floor"], ["ON", "fryingpan"], ["ON", "kitchencounter"], ["ON", "kitchentable"], ["ON", "nightstand"], ["ON", "oventray"], ["ON", "radio"], ["ON", "sofa"], ["ON", "stove"]], "breadslice": [["INSIDE", "kitchencounterdrawer"], ["INSIDE", "cabinet"], ["INSIDE", "fridge"], ["ON", "bathroomcounter"], ["ON", "bed"], ["ON", "bookshelf"], ["ON", "chair"], ["ON", "coffeetable"], ["ON", "cuttingboard"], ["ON", "desk"], ["ON", "floor"], ["ON", "fryingpan"], ["ON", "kitchencounter"], ["ON", "kitchentable"], ["ON", "mousemat"], ["ON", "nightstand"], ["ON", "oventray"], ["ON", "radio"], ["ON", "sofa"], ["ON", "stove"]], "candle": [["INSIDE", "kitchencounterdrawer"], ["INSIDE", "cabinet"], ["INSIDE", "fridge"], ["ON", "bathroomcabinet"], ["ON", "bathroomcounter"], ["ON", "bed"], ["ON", "bench"], ["ON", "bookshelf"], ["ON", "chair"], ["ON", "coffeetable"], ["ON", "cuttingboard"], ["ON", "desk"], ["ON", "floor"], ["ON", "fryingpan"], ["ON", "kitchencounter"], ["ON", "kitchentable"], ["ON", "mousemat"], ["ON", "nightstand"], ["ON", "oventray"], ["ON", "radio"], ["ON", "sofa"], ["ON", "stove"]], "candybar": [["INSIDE", "kitchencounterdrawer"], ["INSIDE", "cabinet"], ["INSIDE", "fridge"], ["ON", "bathroomcounter"], ["ON", "bed"], ["ON", "bookshelf"], ["ON", "chair"], ["ON", "coffeetable"], ["ON", "cuttingboard"], ["ON", "desk"], ["ON", "floor"], ["ON", "fryingpan"], ["ON", "kitchencounter"], ["ON", "kitchentable"], ["ON", "mousemat"], ["ON", "nightstand"], ["ON", "oventray"], ["ON", "radio"], ["ON", "sofa"], ["ON", "stove"], ["ON", "towelrack"]], "carrot": [["INSIDE", "kitchencounterdrawer"], ["INSIDE", "cabinet"], ["INSIDE", "fridge"], ["ON", "bathroomcabinet"], ["ON", "bathroomcounter"], ["ON", "bed"], ["ON", "bookshelf"], ["ON", "chair"], ["ON", "coffeetable"], ["ON", "desk"], ["ON", "floor"], ["ON", "fryingpan"], ["ON", "kitchencounter"], ["ON", "kitchentable"], ["ON", "mousemat"], ["ON", "nightstand"], ["ON", "oventray"], ["ON", "radio"], ["ON", "sofa"], ["ON", "stove"]], "cellphone": [["INSIDE", "kitchencounterdrawer"], ["INSIDE", "cabinet"], ["INSIDE", "fridge"], ["INSIDE", "microwave"], ["ON", "bathroomcabinet"], ["ON", "bathroomcounter"], ["ON", "bed"], ["ON", "bookshelf"], ["ON", "chair"], ["ON", "coffeetable"], ["ON", "cuttingboard"], ["ON", "desk"], ["ON", "floor"], ["ON", "fryingpan"], ["ON", "kitchencounter"], ["ON", "kitchentable"], ["ON", "mousemat"], ["ON", "nightstand"], ["ON", "oventray"], ["ON", "radio"], ["ON", "sofa"], ["ON", "stove"], ["ON", "towelrack"]], "cereal": [["INSIDE", "kitchencounterdrawer"], ["INSIDE", "cabinet"], ["INSIDE", "fridge"], ["ON", "bathroomcabinet"], ["ON", "bathroomcounter"], ["ON", "bed"], ["ON", "bench"], ["ON", "chair"], ["ON", "coffeetable"], ["ON", "cuttingboard"], ["ON", "desk"], ["ON", "floor"], ["ON", "fryingpan"], ["ON", "kitchencounter"], ["ON", "kitchentable"], ["ON", "mousemat"], ["ON", "nightstand"], ["ON", "radio"], ["ON", "sofa"], ["ON", "stove"]], "chicken": [["INSIDE", "kitchencounterdrawer"], ["INSIDE", "cabinet"], ["INSIDE", "fridge"], ["ON", "bathroomcounter"], ["ON", "bed"], ["ON", "bench"], ["ON", "bookshelf"], ["ON", "chair"], ["ON", "coffeetable"], ["ON", "desk"], ["ON", "floor"], ["ON", "fryingpan"], ["ON", "kitchencounter"], ["ON", "kitchentable"], ["ON", "nightstand"], ["ON", "oventray"], ["ON", "radio"], ["ON", "sofa"], ["ON", "stove"]], "chinesefood": [["INSIDE", "kitchencounterdrawer"], ["INSIDE", "cabinet"], ["INSIDE", "fridge"], ["ON", "bathroomcounter"], ["ON", "bed"], ["ON", "bench"], ["ON", "bookshelf"], ["ON", "chair"], ["ON", "coffeetable"], ["ON", "cuttingboard"], ["ON", "desk"], ["ON", "floor"], ["ON", "fryingpan"], ["ON", "kitchencounter"], ["ON", "kitchentable"], ["ON", "mousemat"], ["ON", "nightstand"], ["ON", "oventray"], ["ON", "radio"], ["ON", "sofa"], ["ON", "stove"]], "chips": [["INSIDE", "cabinet"], ["INSIDE", "fridge"], ["ON", "bathroomcounter"], ["ON", "bed"], ["ON", "bench"], ["ON", "chair"], ["ON", "coffeetable"], ["ON", "desk"], ["ON", "floor"], ["ON", "fryingpan"], ["ON", "kitchencounter"], ["ON", "kitchentable"], ["ON", "mousemat"], ["ON", "nightstand"], ["ON", "radio"], ["ON", "sofa"], ["ON", "stove"]], "chocolatesyrup": [["INSIDE", "kitchencounterdrawer"], ["INSIDE", "cabinet"], ["INSIDE", "fridge"], ["ON", "bathroomcabinet"], ["ON", "bathroomcounter"], ["ON", "bed"], ["ON", "bench"], ["ON", "bookshelf"], ["ON", "chair"], ["ON", "coffeetable"], ["ON", "cuttingboard"], ["ON", "desk"], ["ON", "floor"], ["ON", "fryingpan"], ["ON", "kitchencounter"], ["ON", "kitchentable"], ["ON", "mousemat"], ["ON", "nightstand"], ["ON", "radio"], ["ON", "sofa"], ["ON", "stove"]], "clock": [["INSIDE", "kitchencounterdrawer"], ["INSIDE", "cabinet"], ["INSIDE", "fridge"], ["ON", "bathroomcounter"], ["ON", "bed"], ["ON", "bookshelf"], ["ON", "chair"], ["ON", "coffeetable"], ["ON", "cuttingboard"], ["ON", "desk"], ["ON", "floor"], ["ON", "fryingpan"], ["ON", "kitchencounter"], ["ON", "kitchentable"], ["ON", "nightstand"], ["ON", "oventray"], ["ON", "radio"], ["ON", "sofa"], ["ON", "stove"]], "clothespants": [["INSIDE", "cabinet"], ["INSIDE", "fridge"], ["ON", "bathroomcounter"], ["ON", "bench"], ["ON", "bookshelf"], ["ON", "chair"], ["ON", "desk"], ["ON", "kitchencounter"], ["ON", "kitchentable"], ["ON", "stove"], ["ON", "towelrack"]], "clothespile": [["INSIDE", "kitchencounterdrawer"], ["INSIDE", "cabinet"], ["INSIDE", "fridge"], ["ON", "bathroomcounter"], ["ON", "bed"], ["ON", "bench"], ["ON", "bookshelf"], ["ON", "chair"], ["ON", "coffeetable"], ["ON", "desk"], ["ON", "floor"], ["ON", "fryingpan"], ["ON", "kitchencounter"], ["ON", "kitchentable"], ["ON", "nightstand"], ["ON", "oventray"], ["ON", "sofa"], ["ON", "stove"]], "clothesshirt": [["INSIDE", "cabinet"], ["INSIDE", "fridge"], ["ON", "bathroomcounter"], ["ON", "desk"], ["ON", "kitchencounter"], ["ON", "kitchentable"], ["ON", "stove"], ["ON", "towelrack"]], "coffeepot": [["INSIDE", "kitchencounterdrawer"], ["INSIDE", "cabinet"], ["INSIDE", "fridge"], ["ON", "bathroomcounter"], ["ON", "bed"], ["ON", "bench"], ["ON", "bookshelf"], ["ON", "chair"], ["ON", "coffeetable"], ["ON", "cuttingboard"], ["ON", "desk"], ["ON", "floor"], ["ON", "fryingpan"], ["ON", "kitchencounter"], ["ON", "kitchentable"], ["ON", "mousemat"], ["ON", "nightstand"], ["ON", "oventray"], ["ON", "radio"], ["ON", "sofa"], ["ON", "stove"]], "condimentbottle": [["INSIDE", "kitchencounterdrawer"], ["INSIDE", "cabinet"], ["INSIDE", "fridge"], ["ON", "bathroomcabinet"], ["ON", "bathroomcounter"], ["ON", "bed"], ["ON", "bench"], ["ON", "bookshelf"], ["ON", "chair"], ["ON", "coffeetable"], ["ON", "cuttingboard"], ["ON", "desk"], ["ON", "floor"], ["ON", "fryingpan"], ["ON", "kitchencounter"], ["ON", "kitchentable"], ["ON", "mousemat"], ["ON", "nightstand"], ["ON", "radio"], ["ON", "sofa"], ["ON", "stove"], ["ON", "towelrack"]], "condimentshaker": [["INSIDE", "kitchencounterdrawer"], ["INSIDE", "cabinet"], ["INSIDE", "fridge"], ["ON", "bathroomcabinet"], ["ON", "bathroomcounter"], ["ON", "bed"], ["ON", "bench"], ["ON", "bookshelf"], ["ON", "chair"], ["ON", "coffeetable"], ["ON", "cuttingboard"], ["ON", "desk"], ["ON", "floor"], ["ON", "fryingpan"], ["ON", "kitchencounter"], ["ON", "kitchentable"], ["ON", "mousemat"], ["ON", "nightstand"], ["ON", "oventray"], ["ON", "radio"], ["ON", "sofa"], ["ON", "stove"], ["ON", "towelrack"]], "cookingpot": [["INSIDE", "kitchencounterdrawer"], ["INSIDE", "cabinet"], ["INSIDE", "fridge"], ["ON", "bathroomcounter"], ["ON", "bed"], ["ON", "bench"], ["ON", "bookshelf"], ["ON", "chair"], ["ON", "coffeetable"], ["ON", "desk"], ["ON", "floor"], ["ON", "fryingpan"], ["ON", "kitchencounter"], ["ON", "kitchentable"], ["ON", "nightstand"], ["ON", "oventray"], ["ON", "radio"], ["ON", "sofa"], ["ON", "stove"]], "crackers": [["INSIDE", "kitchencounterdrawer"], ["INSIDE", "cabinet"], ["INSIDE", "fridge"], ["ON", "bathroomcabinet"], ["ON", "bathroomcounter"], ["ON", "bed"], ["ON", "bookshelf"], ["ON", "chair"], ["ON", "coffeetable"], ["ON", "desk"], ["ON", "floor"], ["ON", "fryingpan"], ["ON", "kitchencounter"], ["ON", "kitchentable"], ["ON", "mousemat"], ["ON", "nightstand"], ["ON", "oventray"], ["ON", "radio"], ["ON", "sofa"], ["ON", "stove"]], "crayons": [["INSIDE", "kitchencounterdrawer"], ["INSIDE", "cabinet"], ["INSIDE", "fridge"], ["ON", "bathroomcabinet"], ["ON", "bathroomcounter"], ["ON", "bed"], ["ON", "bookshelf"], ["ON", "chair"], ["ON", "coffeetable"], ["ON", "cuttingboard"], ["ON", "desk"], ["ON", "floor"], ["ON", "fryingpan"], ["ON", "kitchencounter"], ["ON", "kitchentable"], ["ON", "mousemat"], ["ON", "nightstand"], ["ON", "oventray"], ["ON", "radio"], ["ON", "sofa"], ["ON", "stove"]], "creamybuns": [["INSIDE", "kitchencounterdrawer"], ["INSIDE", "cabinet"], ["INSIDE", "fridge"], ["ON", "bathroomcounter"], ["ON", "bed"], ["ON", "bench"], ["ON", "bookshelf"], ["ON", "chair"], ["ON", "coffeetable"], ["ON", "cuttingboard"], ["ON", "desk"], ["ON", "floor"], ["ON", "fryingpan"], ["ON", "kitchencounter"], ["ON", "kitchentable"], ["ON", "mousemat"], ["ON", "nightstand"], ["ON", "oventray"], ["ON", "radio"], ["ON", "sofa"], ["ON", "stove"]], "cupcake": [["INSIDE", "kitchencounterdrawer"], ["INSIDE", "cabinet"], ["INSIDE", "fridge"], ["ON", "bathroomcabinet"], ["ON", "bathroomcounter"], ["ON", "bed"], ["ON", "bench"], ["ON", "bookshelf"], ["ON", "chair"], ["ON", "coffeetable"], ["ON", "cuttingboard"], ["ON", "desk"], ["ON", "floor"], ["ON", "fryingpan"], ["ON", "kitchencounter"], ["ON", "kitchentable"], ["ON", "mousemat"], ["ON", "nightstand"], ["ON", "oventray"], ["ON", "radio"], ["ON", "sofa"], ["ON", "stove"]], "cutleryfork": [["INSIDE", "kitchencounterdrawer"], ["INSIDE", "cabinet"], ["INSIDE", "fridge"], ["ON", "bathroomcabinet"], ["ON", "bathroomcounter"], ["ON", "bed"], ["ON", "bookshelf"], ["ON", "chair"], ["ON", "coffeetable"], ["ON", "desk"], ["ON", "floor"], ["ON", "fryingpan"], ["ON", "kitchencounter"], ["ON", "kitchentable"], ["ON", "mousemat"], ["ON", "nightstand"], ["ON", "oventray"], ["ON", "radio"], ["ON", "sofa"], ["ON", "stove"]], "cutleryknife": [["INSIDE", "kitchencounterdrawer"], ["INSIDE", "cabinet"], ["INSIDE", "fridge"], ["ON", "bathroomcabinet"], ["ON", "bathroomcounter"], ["ON", "bed"], ["ON", "bookshelf"], ["ON", "chair"], ["ON", "coffeetable"], ["ON", "desk"], ["ON", "floor"], ["ON", "fryingpan"], ["ON", "kitchencounter"], ["ON", "kitchentable"], ["ON", "mousemat"], ["ON", "nightstand"], ["ON", "oventray"], ["ON", "radio"], ["ON", "sofa"], ["ON", "stove"]], "cutlets": [["INSIDE", "kitchencounterdrawer"], ["INSIDE", "cabinet"], ["INSIDE", "fridge"], ["ON", "bathroomcounter"], ["ON", "bed"], ["ON", "bookshelf"], ["ON", "chair"], ["ON", "coffeetable"], ["ON", "desk"], ["ON", "floor"], ["ON", "fryingpan"], ["ON", "kitchencounter"], ["ON", "kitchentable"], ["ON", "nightstand"], ["ON", "oventray"], ["ON", "radio"], ["ON", "sofa"], ["ON", "stove"]], "cuttingboard": [["INSIDE", "kitchencounterdrawer"], ["INSIDE", "cabinet"], ["INSIDE", "fridge"], ["ON", "bathroomcounter"], ["ON", "bed"], ["ON", "bookshelf"], ["ON", "chair"], ["ON", "coffeetable"], ["ON", "desk"], ["ON", "floor"], ["ON", "fryingpan"], ["ON", "kitchencounter"], ["ON", "kitchentable"], ["ON", "nightstand"], ["ON", "oventray"], ["ON", "sofa"], ["ON", "stove"]], "dishbowl": [["INSIDE", "kitchencounterdrawer"], ["INSIDE", "cabinet"], ["INSIDE", "fridge"], ["ON", "bathroomcounter"], ["ON", "bed"], ["ON", "bookshelf"], ["ON", "chair"], ["ON", "coffeetable"], ["ON", "cuttingboard"], ["ON", "desk"], ["ON", "floor"], ["ON", "fryingpan"], ["ON", "kitchencounter"], ["ON", "kitchentable"], ["ON", "mousemat"], ["ON", "nightstand"], ["ON", "oventray"], ["ON", "radio"], ["ON", "sofa"], ["ON", "stove"]], "dishwashingliquid": [["INSIDE", "kitchencounterdrawer"], ["INSIDE", "cabinet"], ["INSIDE", "fridge"], ["ON", "bathroomcounter"], ["ON", "bed"], ["ON", "bench"], ["ON", "chair"], ["ON", "coffeetable"], ["ON", "cuttingboard"], ["ON", "desk"], ["ON", "floor"], ["ON", "fryingpan"], ["ON", "kitchencounter"], ["ON", "kitchentable"], ["ON", "mousemat"], ["ON", "nightstand"], ["ON", "radio"], ["ON", "sofa"], ["ON", "stove"]], "facecream": [["INSIDE", "kitchencounterdrawer"], ["INSIDE", "cabinet"], ["INSIDE", "fridge"], ["ON", "bathroomcabinet"], ["ON", "bathroomcounter"], ["ON", "bed"], ["ON", "bookshelf"], ["ON", "chair"], ["ON", "coffeetable"], ["ON", "cuttingboard"], ["ON", "desk"], ["ON", "floor"], ["ON", "fryingpan"], ["ON", "kitchencounter"], ["ON", "kitchentable"], ["ON", "mousemat"], ["ON", "nightstand"], ["ON", "oventray"], ["ON", "radio"], ["ON", "sofa"], ["ON", "stove"], ["ON", "towelrack"]], "folder": [["INSIDE", "kitchencounterdrawer"], ["INSIDE", "cabinet"], ["INSIDE", "fridge"], ["ON", "bathroomcabinet"], ["ON", "bathroomcounter"], ["ON", "bed"], ["ON", "bench"], ["ON", "bookshelf"], ["ON", "chair"], ["ON", "coffeetable"], ["ON", "desk"], ["ON", "floor"], ["ON", "kitchencounter"], ["ON", "kitchentable"], ["ON", "nightstand"], ["ON", "oventray"], ["ON", "radio"], ["ON", "sofa"], ["ON", "stove"]], "fryingpan": [["INSIDE", "kitchencounterdrawer"], ["INSIDE", "cabinet"], ["INSIDE", "fridge"], ["ON", "bathroomcounter"], ["ON", "bed"], ["ON", "bookshelf"], ["ON", "chair"], ["ON", "coffeetable"], ["ON", "desk"], ["ON", "floor"], ["ON", "fryingpan"], ["ON", "kitchencounter"], ["ON", "kitchentable"], ["ON", "nightstand"], ["ON", "oventray"], ["ON", "sofa"], ["ON", "stove"]], "glasses": [["INSIDE", "kitchencounterdrawer"], ["INSIDE", "cabinet"], ["INSIDE", "fridge"], ["ON", "bathroomcabinet"], ["ON", "bathroomcounter"], ["ON", "bed"], ["ON", "bookshelf"], ["ON", "chair"], ["ON", "coffeetable"], ["ON", "desk"], ["ON", "floor"], ["ON", "fryingpan"], ["ON", "kitchencounter"], ["ON", "kitchentable"], ["ON", "nightstand"], ["ON", "oventray"], ["ON", "radio"], ["ON", "sofa"], ["ON", "stove"]], "globe": [["INSIDE", "cabinet"], ["INSIDE", "fridge"], ["ON", "bathroomcounter"], ["ON", "bed"], ["ON", "bench"], ["ON", "chair"], ["ON", "coffeetable"], ["ON", "desk"], ["ON", "floor"], ["ON", "fryingpan"], ["ON", "kitchencounter"], ["ON", "kitchentable"], ["ON", "nightstand"], ["ON", "radio"], ["ON", "sofa"], ["ON", "stove"]], "hairproduct": [["INSIDE", "kitchencounterdrawer"], ["INSIDE", "cabinet"], ["INSIDE", "fridge"], ["ON", "bathroomcabinet"], ["ON", "bathroomcounter"], ["ON", "bed"], ["ON", "bench"], ["ON", "bookshelf"], ["ON", "chair"], ["ON", "coffeetable"], ["ON", "cuttingboard"], ["ON", "desk"], ["ON", "floor"], ["ON", "fryingpan"], ["ON", "kitchencounter"], ["ON", "kitchentable"], ["ON", "mousemat"], ["ON", "nightstand"], ["ON", "oventray"], ["ON", "radio"], ["ON", "sofa"], ["ON", "stove"]], "hanger": [["INSIDE", "kitchencounterdrawer"], ["INSIDE", "cabinet"], ["INSIDE", "fridge"], ["ON", "bathroomcabinet"], ["ON", "bathroomcounter"], ["ON", "bed"], ["ON", "bench"], ["ON", "bookshelf"], ["ON", "chair"], ["ON", "coffeetable"], ["ON", "desk"], ["ON", "floor"], ["ON", "fryingpan"], ["ON", "kitchencounter"], ["ON", "kitchentable"], ["ON", "mousemat"], ["ON", "nightstand"], ["ON", "sofa"], ["ON", "stove"]], "juice": [["INSIDE", "kitchencounterdrawer"], ["INSIDE", "cabinet"], ["INSIDE", "fridge"], ["ON", "bathroomcabinet"], ["ON", "bathroomcounter"], ["ON", "bed"], ["ON", "bench"], ["ON", "bookshelf"], ["ON", "chair"], ["ON", "coffeetable"], ["ON", "cuttingboard"], ["ON", "desk"], ["ON", "floor"], ["ON", "fryingpan"], ["ON", "kitchencounter"], ["ON", "kitchentable"], ["ON", "mousemat"], ["ON", "nightstand"], ["ON", "oventray"], ["ON", "radio"], ["ON", "sofa"], ["ON", "stove"]], "keyboard": [["INSIDE", "kitchencounterdrawer"], ["INSIDE", "cabinet"], ["INSIDE", "fridge"], ["ON", "bathroomcounter"], ["ON", "bed"], ["ON", "chair"], ["ON", "coffeetable"], ["ON", "desk"], ["ON", "floor"], ["ON", "kitchencounter"], ["ON", "nightstand"], ["ON", "radio"], ["ON", "sofa"], ["ON", "stove"]], "lime": [["INSIDE", "kitchencounterdrawer"], ["INSIDE", "cabinet"], ["INSIDE", "fridge"], ["ON", "bathroomcabinet"], ["ON", "bathroomcounter"], ["ON", "bed"], ["ON", "bookshelf"], ["ON", "chair"], ["ON", "coffeetable"], ["ON", "cuttingboard"], ["ON", "desk"], ["ON", "floor"], ["ON", "fryingpan"], ["ON", "kitchencounter"], ["ON", "kitchentable"], ["ON", "mousemat"], ["ON", "nightstand"], ["ON", "oventray"], ["ON", "radio"], ["ON", "sofa"], ["ON", "stove"]], "lotionbottle": [["INSIDE", "kitchencounterdrawer"], ["INSIDE", "cabinet"], ["INSIDE", "fridge"], ["ON", "bathroomcabinet"], ["ON", "bathroomcounter"], ["ON", "bed"], ["ON", "bench"], ["ON", "bookshelf"], ["ON", "chair"], ["ON", "coffeetable"], ["ON", "desk"], ["ON", "floor"], ["ON", "fryingpan"], ["ON", "kitchencounter"], ["ON", "kitchentable"], ["ON", "nightstand"], ["ON", "oventray"], ["ON", "radio"], ["ON", "sofa"], ["ON", "stove"], ["ON", "towelrack"]], "magazine": [["INSIDE", "kitchencounterdrawer"], ["INSIDE", "cabinet"], ["INSIDE", "fridge"], ["ON", "bathroomcounter"], ["ON", "bed"], ["ON", "bookshelf"], ["ON", "chair"], ["ON", "coffeetable"], ["ON", "cuttingboard"], ["ON", "desk"], ["ON", "floor"], ["ON", "fryingpan"], ["ON", "kitchencounter"], ["ON", "kitchentable"], ["ON", "mousemat"], ["ON", "nightstand"], ["ON", "oventray"], ["ON", "radio"], ["ON", "sofa"], ["ON", "stove"]], "milk": [["INSIDE", "kitchencounterdrawer"], ["INSIDE", "cabinet"], ["INSIDE", "fridge"], ["ON", "bathroomcabinet"], ["ON", "bathroomcounter"], ["ON", "bed"], ["ON", "bench"], ["ON", "bookshelf"], ["ON", "chair"], ["ON", "coffeetable"], ["ON", "cuttingboard"], ["ON", "desk"], ["ON", "floor"], ["ON", "fryingpan"], ["ON", "kitchencounter"], ["ON", "kitchentable"], ["ON", "mousemat"], ["ON", "nightstand"], ["ON", "oventray"], ["ON", "radio"], ["ON", "sofa"], ["ON", "stove"]], "milkshake": [["INSIDE", "kitchencounterdrawer"], ["INSIDE", "cabinet"], ["INSIDE", "fridge"], ["ON", "bathroomcounter"], ["ON", "bed"], ["ON", "bench"], ["ON", "chair"], ["ON", "coffeetable"], ["ON", "cuttingboard"], ["ON", "desk"], ["ON", "floor"], ["ON", "fryingpan"], ["ON", "kitchencounter"], ["ON", "kitchentable"], ["ON", "mousemat"], ["ON", "nightstand"], ["ON", "radio"], ["ON", "sofa"], ["ON", "stove"]], "mincedmeat": [["INSIDE", "kitchencounterdrawer"], ["INSIDE", "cabinet"], ["INSIDE", "fridge"], ["ON", "bathroomcounter"], ["ON", "bed"], ["ON", "bookshelf"], ["ON", "chair"], ["ON", "coffeetable"], ["ON", "cuttingboard"], ["ON", "desk"], ["ON", "floor"], ["ON", "fryingpan"], ["ON", "kitchencounter"], ["ON", "kitchentable"], ["ON", "mousemat"], ["ON", "nightstand"], ["ON", "oventray"], ["ON", "radio"], ["ON", "sofa"], ["ON", "stove"]], "mouse": [["INSIDE", "kitchencounterdrawer"], ["INSIDE", "cabinet"], ["INSIDE", "fridge"], ["ON", "bathroomcabinet"], ["ON", "bathroomcounter"], ["ON", "bed"], ["ON", "bookshelf"], ["ON", "chair"], ["ON", "coffeetable"], ["ON", "cuttingboard"], ["ON", "desk"], ["ON", "floor"], ["ON", "fryingpan"], ["ON", "kitchencounter"], ["ON", "kitchentable"], ["ON", "mousemat"], ["ON", "nightstand"], ["ON", "oventray"], ["ON", "radio"], ["ON", "sofa"], ["ON", "stove"]], "mug": [["INSIDE", "kitchencounterdrawer"], ["INSIDE", "cabinet"], ["INSIDE", "fridge"], ["ON", "bathroomcabinet"], ["ON", "bathroomcounter"], ["ON", "bed"], ["ON", "bench"], ["ON", "bookshelf"], ["ON", "chair"], ["ON", "coffeetable"], ["ON", "cuttingboard"], ["ON", "desk"], ["ON", "floor"], ["ON", "fryingpan"], ["ON", "kitchencounter"], ["ON", "kitchentable"], ["ON", "mousemat"], ["ON", "nightstand"], ["ON", "oventray"], ["ON", "radio"], ["ON", "sofa"], ["ON", "stove"]], "oventray": [["INSIDE", "kitchencounterdrawer"], ["INSIDE", "fridge"], ["ON", "bed"], ["ON", "coffeetable"], ["ON", "floor"], ["ON", "kitchencounter"], ["ON", "sofa"], ["ON", "stove"]], "pancake": [["INSIDE", "kitchencounterdrawer"], ["INSIDE", "cabinet"], ["INSIDE", "fridge"], ["ON", "bathroomcounter"], ["ON", "bed"], ["ON", "bookshelf"], ["ON", "chair"], ["ON", "coffeetable"], ["ON", "cuttingboard"], ["ON", "desk"], ["ON", "floor"], ["ON", "fryingpan"], ["ON", "kitchencounter"], ["ON", "kitchentable"], ["ON", "mousemat"], ["ON", "nightstand"], ["ON", "oventray"], ["ON", "radio"], ["ON", "sofa"], ["ON", "stove"]], "pear": [["INSIDE", "kitchencounterdrawer"], ["INSIDE", "cabinet"], ["INSIDE", "fridge"], ["ON", "bathroomcabinet"], ["ON", "bathroomcounter"], ["ON", "bed"], ["ON", "bench"], ["ON", "bookshelf"], ["ON", "chair"], ["ON", "coffeetable"], ["ON", "cuttingboard"], ["ON", "desk"], ["ON", "floor"], ["ON", "fryingpan"], ["ON", "kitchencounter"], ["ON", "kitchentable"], ["ON", "mousemat"], ["ON", "nightstand"], ["ON", "oventray"], ["ON", "radio"], ["ON", "sofa"], ["ON", "stove"]], "pie": [["INSIDE", "kitchencounterdrawer"], ["INSIDE", "cabinet"], ["INSIDE", "fridge"], ["ON", "bathroomcounter"], ["ON", "bed"], ["ON", "bookshelf"], ["ON", "chair"], ["ON", "coffeetable"], ["ON", "desk"], ["ON", "floor"], ["ON", "fryingpan"], ["ON", "kitchencounter"], ["ON", "kitchentable"], ["ON", "nightstand"], ["ON", "oventray"], ["ON", "radio"], ["ON", "sofa"], ["ON", "stove"]], "pillow": [["INSIDE", "kitchencounterdrawer"], ["INSIDE", "fridge"], ["ON", "bed"], ["ON", "bench"], ["ON", "floor"], ["ON", "kitchencounter"], ["ON", "sofa"], ["ON", "stove"]], "plate": [["INSIDE", "kitchencounterdrawer"], ["INSIDE", "cabinet"], ["INSIDE", "fridge"], ["ON", "bathroomcounter"], ["ON", "bed"], ["ON", "bookshelf"], ["ON", "chair"], ["ON", "coffeetable"], ["ON", "desk"], ["ON", "floor"], ["ON", "fryingpan"], ["ON", "kitchencounter"], ["ON", "kitchentable"], ["ON", "nightstand"], ["ON", "oventray"], ["ON", "radio"], ["ON", "sofa"], ["ON", "stove"]], "plum": [["INSIDE", "kitchencounterdrawer"], ["INSIDE", "cabinet"], ["INSIDE", "fridge"], ["ON", "bathroomcabinet"], ["ON", "bathroomcounter"], ["ON", "bed"], ["ON", "bookshelf"], ["ON", "chair"], ["ON", "coffeetable"], ["ON", "cuttingboard"], ["ON", "desk"], ["ON", "floor"], ["ON", "fryingpan"], ["ON", "kitchencounter"], ["ON", "kitchentable"], ["ON", "mousemat"], ["ON", "nightstand"], ["ON", "oventray"], ["ON", "radio"], ["ON", "sofa"], ["ON", "stove"], ["ON", "towelrack"]], "poundcake": [["INSIDE", "kitchencounterdrawer"], ["INSIDE", "cabinet"], ["INSIDE", "fridge"], ["ON", "bathroomcounter"], ["ON", "bed"], ["ON", "bench"], ["ON", "bookshelf"], ["ON", "chair"], ["ON", "coffeetable"], ["ON", "desk"], ["ON", "floor"], ["ON", "fryingpan"], ["ON", "kitchencounter"], ["ON", "kitchentable"], ["ON", "nightstand"], ["ON", "oventray"], ["ON", "radio"], ["ON", "sofa"], ["ON", "stove"]], "pudding": [["INSIDE", "kitchencounterdrawer"], ["INSIDE", "cabinet"], ["INSIDE", "fridge"], ["ON", "bathroomcounter"], ["ON", "bed"], ["ON", "bookshelf"], ["ON", "chair"], ["ON", "coffeetable"], ["ON", "cuttingboard"], ["ON", "desk"], ["ON", "floor"], ["ON", "fryingpan"], ["ON", "kitchencounter"], ["ON", "kitchentable"], ["ON", "mousemat"], ["ON", "nightstand"], ["ON", "oventray"], ["ON", "radio"], ["ON", "sofa"], ["ON", "stove"]], "radio": [["INSIDE", "kitchencounterdrawer"], ["INSIDE", "cabinet"], ["INSIDE", "fridge"], ["ON", "bathroomcounter"], ["ON", "bed"], ["ON", "bench"], ["ON", "bookshelf"], ["ON", "chair"], ["ON", "coffeetable"], ["ON", "desk"], ["ON", "floor"], ["ON", "fryingpan"], ["ON", "kitchencounter"], ["ON", "kitchentable"], ["ON", "mousemat"], ["ON", "nightstand"], ["ON", "oventray"], ["ON", "radio"], ["ON", "sofa"], ["ON", "stove"]], "remotecontrol": [["INSIDE", "kitchencounterdrawer"], ["INSIDE", "cabinet"], ["INSIDE", "fridge"], ["ON", "bathroomcabinet"], ["ON", "bathroomcounter"], ["ON", "bed"], ["ON", "bookshelf"], ["ON", "chair"], ["ON", "coffeetable"], ["ON", "cuttingboard"], ["ON", "desk"], ["ON", "floor"], ["ON", "fryingpan"], ["ON", "kitchencounter"], ["ON", "kitchentable"], ["ON", "mousemat"], ["ON", "nightstand"], ["ON", "oventray"], ["ON", "radio"], ["ON", "sofa"], ["ON", "stove"], ["ON", "towelrack"]], "rug": [["ON", "bed"], ["ON", "floor"]], "salad": [["INSIDE", "kitchencounterdrawer"], ["INSIDE", "cabinet"], ["INSIDE", "fridge"], ["ON", "bathroomcounter"], ["ON", "bed"], ["ON", "bookshelf"], ["ON", "chair"], ["ON", "coffeetable"], ["ON", "desk"], ["ON", "floor"], ["ON", "fryingpan"], ["ON", "kitchencounter"], ["ON", "kitchentable"], ["ON", "nightstand"], ["ON", "oventray"], ["ON", "radio"], ["ON", "sofa"], ["ON", "stove"]], "salmon": [["INSIDE", "kitchencounterdrawer"], ["INSIDE", "cabinet"], ["INSIDE", "fridge"], ["ON", "bathroomcounter"], ["ON", "bed"], ["ON", "bookshelf"], ["ON", "chair"], ["ON", "coffeetable"], ["ON", "cuttingboard"], ["ON", "desk"], ["ON", "floor"], ["ON", "fryingpan"], ["ON", "kitchencounter"], ["ON", "kitchentable"], ["ON", "mousemat"], ["ON", "nightstand"], ["ON", "oventray"], ["ON", "radio"], ["ON", "sofa"], ["ON", "stove"]], "slippers": [["INSIDE", "kitchencounterdrawer"], ["INSIDE", "cabinet"], ["INSIDE", "fridge"], ["ON", "bathroomcounter"], ["ON", "bed"], ["ON", "bookshelf"], ["ON", "chair"], ["ON", "coffeetable"], ["ON", "desk"], ["ON", "floor"], ["ON", "fryingpan"], ["ON", "kitchencounter"], ["ON", "kitchentable"], ["ON", "nightstand"], ["ON", "oventray"], ["ON", "radio"], ["ON", "sofa"], ["ON", "stove"]], "sportsball": [["INSIDE", "kitchencounterdrawer"], ["INSIDE", "cabinet"], ["INSIDE", "fridge"], ["ON", "bathroomcabinet"], ["ON", "bathroomcounter"], ["ON", "bed"], ["ON", "bench"], ["ON", "bookshelf"], ["ON", "chair"], ["ON", "coffeetable"], ["ON", "cuttingboard"], ["ON", "desk"], ["ON", "floor"], ["ON", "fryingpan"], ["ON", "kitchencounter"], ["ON", "kitchentable"], ["ON", "mousemat"], ["ON", "nightstand"], ["ON", "oventray"], ["ON", "radio"], ["ON", "sofa"], ["ON", "stove"], ["ON", "towelrack"]], "sundae": [["INSIDE", "kitchencounterdrawer"], ["INSIDE", "cabinet"], ["INSIDE", "fridge"], ["ON", "bathroomcabinet"], ["ON", "bathroomcounter"], ["ON", "bed"], ["ON", "bench"], ["ON", "bookshelf"], ["ON", "chair"], ["ON", "coffeetable"], ["ON", "cuttingboard"], ["ON", "desk"], ["ON", "floor"], ["ON", "fryingpan"], ["ON", "kitchencounter"], ["ON", "kitchentable"], ["ON", "mousemat"], ["ON", "nightstand"], ["ON", "radio"], ["ON", "sofa"], ["ON", "stove"]], "teddybear": [["INSIDE", "cabinet"], ["INSIDE", "fridge"], ["ON", "bathroomcounter"], ["ON", "bed"], ["ON", "bench"], ["ON", "bookshelf"], ["ON", "chair"], ["ON", "coffeetable"], ["ON", "desk"], ["ON", "floor"], ["ON", "kitchencounter"], ["ON", "kitchentable"], ["ON", "nightstand"], ["ON", "radio"], ["ON", "sofa"], ["ON", "stove"]], "toiletpaper": [["INSIDE", "kitchencounterdrawer"], ["INSIDE", "cabinet"], ["INSIDE", "fridge"], ["ON", "bathroomcounter"], ["ON", "bed"], ["ON", "bench"], ["ON", "chair"], ["ON", "coffeetable"], ["ON", "desk"], ["ON", "floor"], ["ON", "fryingpan"], ["ON", "kitchencounter"], ["ON", "kitchentable"], ["ON", "mousemat"], ["ON", "nightstand"], ["ON", "oventray"], ["ON", "radio"], ["ON", "sofa"], ["ON", "stove"]], "toothbrush": [["INSIDE", "kitchencounterdrawer"], ["INSIDE", "cabinet"], ["INSIDE", "fridge"], ["ON", "bathroomcounter"], ["ON", "bed"], ["ON", "bookshelf"], ["ON", "chair"], ["ON", "coffeetable"], ["ON", "cuttingboard"], ["ON", "desk"], ["ON", "floor"], ["ON", "fryingpan"], ["ON", "kitchencounter"], ["ON", "kitchentable"], ["ON", "mousemat"], ["ON", "nightstand"], ["ON", "oventray"], ["ON", "radio"], ["ON", "sofa"], ["ON", "stove"], ["ON", "towelrack"]], "toothpaste": [["INSIDE", "kitchencounterdrawer"], ["INSIDE", "cabinet"], ["INSIDE", "fridge"], ["ON", "bathroomcounter"], ["ON", "bed"], ["ON", "bookshelf"], ["ON", "chair"], ["ON", "coffeetable"], ["ON", "cuttingboard"], ["ON", "desk"], ["ON", "floor"], ["ON", "fryingpan"], ["ON", "kitchencounter"], ["ON", "kitchentable"], ["ON", "mousemat"], ["ON", "nightstand"], ["ON", "oventray"], ["ON", "radio"], ["ON", "sofa"], ["ON", "stove"], ["ON", "towelrack"]], "towel": [["INSIDE", "cabinet"], ["INSIDE", "fridge"], ["ON", "bathroomcounter"], ["ON", "bed"], ["ON", "bench"], ["ON", "chair"], ["ON", "desk"], ["ON", "floor"], ["ON", "kitchencounter"], ["ON", "kitchentable"], ["ON", "nightstand"], ["ON", "radio"], ["ON", "stove"]], "towelrack": [["INSIDE", "kitchencounterdrawer"], ["INSIDE", "cabinet"], ["INSIDE", "fridge"], ["ON", "bathroomcounter"], ["ON", "bed"], ["ON", "chair"], ["ON", "coffeetable"], ["ON", "desk"], ["ON", "floor"], ["ON", "fryingpan"], ["ON", "kitchencounter"], ["ON", "kitchentable"], ["ON", "mousemat"], ["ON", "nightstand"], ["ON", "oventray"], ["ON", "sofa"], ["ON", "stove"], ["ON", "towelrack"]], "toy": [["INSIDE", "kitchencounterdrawer"], ["INSIDE", "cabinet"], ["INSIDE", "fridge"], ["ON", "bathroomcabinet"], ["ON", "bathroomcounter"], ["ON", "bed"], ["ON", "bench"], ["ON", "bookshelf"], ["ON", "chair"], ["ON", "coffeetable"], ["ON", "cuttingboard"], ["ON", "desk"], ["ON", "floor"], ["ON", "fryingpan"], ["ON", "kitchencounter"], ["ON", "kitchentable"], ["ON", "mousemat"], ["ON", "nightstand"], ["ON", "oventray"], ["ON", "radio"], ["ON", "sofa"], ["ON", "stove"], ["ON", "towelrack"]], "wallphone": [["INSIDE", "kitchencounterdrawer"], ["INSIDE", "cabinet"], ["INSIDE", "fridge"], ["ON", "bathroomcabinet"], ["ON", "bathroomcounter"], ["ON", "bed"], ["ON", "bench"], ["ON", "bookshelf"], ["ON", "chair"], ["ON", "coffeetable"], ["ON", "cuttingboard"], ["ON", "desk"], ["ON", "floor"], ["ON", "kitchencounter"], ["ON", "kitchentable"], ["ON", "nightstand"], ["ON", "oventray"], ["ON", "radio"], ["ON", "sofa"], ["ON", "stove"], ["ON", "towelrack"]], "wallpictureframe": [["INSIDE", "cabinet"], ["INSIDE", "fridge"], ["ON", "bathroomcabinet"], ["ON", "bathroomcounter"], ["ON", "bed"], ["ON", "bench"], ["ON", "bookshelf"], ["ON", "chair"], ["ON", "coffeetable"], ["ON", "desk"], ["ON", "floor"], ["ON", "kitchencounter"], ["ON", "kitchentable"], ["ON", "nightstand"], ["ON", "radio"], ["ON", "sofa"], ["ON", "stove"], ["ON", "towelrack"]], "washingsponge": [["INSIDE", "kitchencounterdrawer"], ["INSIDE", "cabinet"], ["INSIDE", "fridge"], ["ON", "bathroomcabinet"], ["ON", "bathroomcounter"], ["ON", "bed"], ["ON", "bookshelf"], ["ON", "chair"], ["ON", "coffeetable"], ["ON", "cuttingboard"], ["ON", "desk"], ["ON", "floor"], ["ON", "fryingpan"], ["ON", "kitchencounter"], ["ON", "kitchentable"], ["ON", "mousemat"], ["ON", "nightstand"], ["ON", "oventray"], ["ON", "radio"], ["ON", "sofa"], ["ON", "stove"]], "waterglass": [["INSIDE", "kitchencounterdrawer"], ["INSIDE", "cabinet"], ["INSIDE", "fridge"], ["ON", "bathroomcabinet"], ["ON", "bathroomcounter"], ["ON", "bed"], ["ON", "bench"], ["ON", "bookshelf"], ["ON", "chair"], ["ON", "coffeetable"], ["ON", "cuttingboard"], ["ON", "desk"], ["ON", "floor"], ["ON", "fryingpan"], ["ON", "kitchencounter"], ["ON", "kitchentable"], ["ON", "mousemat"], ["ON", "nightstand"], ["ON", "oventray"], ["ON", "radio"], ["ON", "sofa"], ["ON", "stove"]], "whippedcream": [["INSIDE", "kitchencounterdrawer"], ["INSIDE", "cabinet"], ["INSIDE", "fridge"], ["ON", "bathroomcabinet"], ["ON", "bathroomcounter"], ["ON", "bed"], ["ON", "bench"], ["ON", "bookshelf"], ["ON", "chair"], ["ON", "coffeetable"], ["ON", "cuttingboard"], ["ON", "desk"], ["ON", "floor"], ["ON", "fryingpan"], ["ON", "kitchencounter"], ["ON", "kitchentable"], ["ON", "mousemat"], ["ON", "nightstand"], ["ON", "radio"], ["ON", "sofa"], ["ON", "stove"]], "wine": [["INSIDE", "cabinet"], ["INSIDE", "fridge"], ["ON", "bathroomcabinet"], ["ON", "bathroomcounter"], ["ON", "bed"], ["ON", "bench"], ["ON", "bookshelf"], ["ON", "chair"], ["ON", "coffeetable"], ["ON", "desk"], ["ON", "floor"], ["ON", "kitchencounter"], ["ON", "kitchentable"], ["ON", "nightstand"], ["ON", "oventray"], ["ON", "radio"], ["ON", "sofa"], ["ON", "stove"]], "wineglass": [["INSIDE", "kitchencounterdrawer"], ["INSIDE", "cabinet"], ["INSIDE", "fridge"], ["ON", "bathroomcabinet"], ["ON", "bathroomcounter"], ["ON", "bed"], ["ON", "bench"], ["ON", "bookshelf"], ["ON", "chair"], ["ON", "coffeetable"], ["ON", "cuttingboard"], ["ON", "desk"], ["ON", "floor"], ["ON", "fryingpan"], ["ON", "kitchencounter"], ["ON", "kitchentable"], ["ON", "mousemat"], ["ON", "nightstand"], ["ON", "oventray"], ["ON", "radio"], ["ON", "sofa"], ["ON", "stove"]]}